container_id,carrier,cargo_type,arrival_date,pickup_date,free_days_allowed,daily_demurrage_fee
HPLU1419610,Hapag-Lloyd,Perishables,2026-02-01,2026-02-02,3,75
MSKU3341057,Maersk,Automotive,2026-03-28,2026-04-02,3,75
ONEU2458591,ONE,Chemicals,2026-02-24,2026-02-27,3,75
HPLU1499914,Hapag-Lloyd,Automotive,2026-01-28,2026-01-30,3,75
MSKU9478454,Maersk,Chemicals,2026-01-04,2026-01-05,3,75
ONEU4335942,ONE,Chemicals,2026-02-23,2026-02-24,3,75
MSKU8536477,Maersk,Chemicals,2026-02-05,2026-02-06,3,75
HPLU3678638,Hapag-Lloyd,Retail,2026-02-13,2026-02-17,3,75
MSCU3608513,MSC,Electronics,2026-04-08,2026-04-10,3,75
MSCU2714803,MSC,Automotive,2026-02-18,2026-02-21,3,75
HPLU7022674,Hapag-Lloyd,Perishables,2026-03-19,2026-03-20,3,75
MSCU1728977,MSC,Retail,2026-03-10,2026-03-15,3,75
HPLU7350753,Hapag-Lloyd,Automotive,2026-03-12,2026-03-16,3,75
MSCU7067228,MSC,Chemicals,2026-01-25,2026-01-26,3,75
HPLU1768805,Hapag-Lloyd,Electronics,2026-04-09,2026-04-10,3,75
MSCU2338687,MSC,Electronics,2026-04-21,2026-04-22,3,75
HPLU7377459,Hapag-Lloyd,Perishables,2026-02-28,2026-03-01,3,75
MSCU3728882,MSC,Perishables,2026-02-15,2026-02-17,3,75
MSKU5479144,Maersk,Automotive,2026-03-19,2026-03-21,3,75
MSKU9961380,Maersk,Electronics,2026-01-21,2026-01-22,3,75
CMXU7366205,CMA CGM,Perishables,2026-04-29,2026-05-01,3,75
ONEU4684531,ONE,Perishables,2026-04-18,2026-04-19,3,75
HPLU4842788,Hapag-Lloyd,Automotive,2026-04-14,2026-04-15,3,75
MSCU7730428,MSC,Perishables,2026-01-09,2026-01-10,3,75
MSKU6279418,Maersk,Electronics,2026-03-25,2026-03-27,3,75
CMXU7637601,CMA CGM,Retail,2026-01-19,2026-01-24,3,75
MSCU3342608,MSC,Electronics,2026-04-06,2026-04-07,3,75
ONEU5408072,ONE,Chemicals,2026-02-24,2026-02-26,3,75
ONEU7700828,ONE,Perishables,2026-01-29,2026-01-31,3,75
MSKU9548432,Maersk,Retail,2026-01-12,2026-01-13,3,75
HPLU2839607,Hapag-Lloyd,Electronics,2026-03-22,2026-03-24,3,75
MSKU8082668,Maersk,Chemicals,2026-01-09,2026-01-10,3,75
CMXU7402509,CMA CGM,Chemicals,2026-03-01,2026-03-02,3,75
ONEU5218028,ONE,Chemicals,2026-04-21,2026-04-26,3,75
HPLU2921859,Hapag-Lloyd,Chemicals,2026-04-07,2026-04-12,3,75
MSCU6707197,MSC,Automotive,2026-02-07,2026-02-10,3,75
CMXU3653446,CMA CGM,Retail,2026-01-01,2026-01-03,3,75
MSCU9398441,MSC,Electronics,2026-03-06,2026-03-07,3,75
HPLU6007072,Hapag-Lloyd,Chemicals,2026-03-19,2026-03-22,3,75
MSKU3564217,Maersk,Perishables,2026-04-08,2026-04-10,3,75
MSKU9897858,Maersk,Automotive,2026-03-18,2026-03-19,3,75
MSCU9197443,MSC,Automotive,2026-01-15,2026-01-17,3,75
MSCU6159230,MSC,Electronics,2026-01-08,2026-01-09,3,75
MSKU2321324,Maersk,Automotive,2026-04-04,2026-04-08,3,75
CMXU2161193,CMA CGM,Chemicals,2026-04-09,2026-04-11,3,75
MSKU3154051,Maersk,Retail,2026-03-12,2026-03-15,3,75
MSKU5446912,Maersk,Chemicals,2026-04-22,2026-04-23,3,75
ONEU8099076,ONE,Electronics,2026-04-29,2026-05-01,3,75
ONEU4374754,ONE,Perishables,2026-02-21,2026-02-23,3,75
MSCU8350099,MSC,Chemicals,2026-02-27,2026-02-28,3,75
HPLU5159166,Hapag-Lloyd,Electronics,2026-01-09,2026-01-14,3,75
MSCU1352896,MSC,Chemicals,2026-03-12,2026-03-15,3,75
MSKU4694634,Maersk,Automotive,2026-01-10,2026-01-15,3,75
HPLU4841005,Hapag-Lloyd,Automotive,2026-04-26,2026-04-30,3,75
HPLU6543670,Hapag-Lloyd,Automotive,2026-03-07,2026-03-09,3,75
MSKU5672073,Maersk,Retail,2026-01-28,2026-02-01,3,75
ONEU3219824,ONE,Chemicals,2026-03-15,2026-03-16,3,75
CMXU5076817,CMA CGM,Retail,2026-04-14,2026-04-15,3,75
CMXU4194548,CMA CGM,Automotive,2026-01-13,2026-01-14,3,75
CMXU6944126,CMA CGM,Retail,2026-02-22,2026-02-24,3,75
CMXU1908841,CMA CGM,Automotive,2026-01-08,2026-01-10,3,75
CMXU6692553,CMA CGM,Automotive,2026-02-01,2026-02-03,3,75
MSKU4191175,Maersk,Chemicals,2026-02-27,2026-03-02,3,75
MSKU8077999,Maersk,Electronics,2026-02-05,2026-02-07,3,75
CMXU5191056,CMA CGM,Automotive,2026-02-26,2026-02-28,3,75
ONEU2642635,ONE,Automotive,2026-03-25,2026-03-27,3,75
ONEU1247595,ONE,Automotive,2026-04-29,2026-04-30,3,75
MSKU3790237,Maersk,Retail,2026-03-04,2026-03-07,3,75
CMXU4586084,CMA CGM,Retail,2026-04-26,2026-04-27,3,75
HPLU3762152,Hapag-Lloyd,Retail,2026-01-01,2026-01-07,3,75
CMXU5449368,CMA CGM,Retail,2026-02-06,2026-02-11,3,75
CMXU9164991,CMA CGM,Electronics,2026-01-25,2026-01-26,3,75
MSCU4652414,MSC,Automotive,2026-03-16,2026-03-17,3,75
ONEU2022698,ONE,Perishables,2026-01-08,2026-01-11,3,75
HPLU8999183,Hapag-Lloyd,Chemicals,2026-04-28,2026-05-01,3,75
ONEU3641282,ONE,Automotive,2026-03-07,2026-03-10,3,75
HPLU4117625,Hapag-Lloyd,Automotive,2026-03-18,2026-03-21,3,75
HPLU4946066,Hapag-Lloyd,Retail,2026-01-16,2026-01-17,3,75
ONEU5130808,ONE,Chemicals,2026-03-18,2026-03-20,3,75
HPLU2375453,Hapag-Lloyd,Retail,2026-03-26,2026-03-27,3,75
ONEU9770838,ONE,Perishables,2026-04-30,2026-05-04,3,75
MSCU4426900,MSC,Perishables,2026-01-31,2026-02-02,3,75
MSCU7640184,MSC,Electronics,2026-03-27,2026-03-28,3,75
MSCU8670955,MSC,Perishables,2026-04-29,2026-04-30,3,75
HPLU1156287,Hapag-Lloyd,Retail,2026-03-21,2026-03-22,3,75
ONEU2677407,ONE,Automotive,2026-03-10,2026-03-11,3,75
MSKU9487336,Maersk,Perishables,2026-01-17,2026-01-20,3,75
MSCU2154126,MSC,Electronics,2026-02-17,2026-02-19,3,75
MSCU3646552,MSC,Retail,2026-04-17,2026-04-21,3,75
ONEU6075395,ONE,Chemicals,2026-04-14,2026-04-16,3,75
ONEU1131249,ONE,Chemicals,2026-02-08,2026-02-09,3,75
HPLU3253031,Hapag-Lloyd,Perishables,2026-01-15,2026-01-18,3,75
HPLU3607983,Hapag-Lloyd,Perishables,2026-02-06,2026-02-09,3,75
ONEU4533779,ONE,Perishables,2026-01-27,2026-01-29,3,75
MSCU9479356,MSC,Retail,2026-02-02,2026-02-05,3,75
HPLU2548511,Hapag-Lloyd,Retail,2026-04-17,2026-04-19,3,75
MSCU1739653,MSC,Automotive,2026-02-12,2026-02-14,3,75
MSKU5394880,Maersk,Electronics,2026-04-05,2026-04-07,3,75
CMXU8175395,CMA CGM,Chemicals,2026-01-02,2026-01-03,3,75
HPLU2262382,Hapag-Lloyd,Electronics,2026-03-11,2026-03-12,3,75
HPLU7194416,Hapag-Lloyd,Chemicals,2026-03-12,2026-03-13,3,75
MSKU8210624,Maersk,Electronics,2026-01-06,2026-01-08,3,75
MSCU7117837,MSC,Automotive,2026-04-26,2026-04-27,3,75
MSCU4524499,MSC,Electronics,2026-03-27,2026-03-29,3,75
HPLU6933742,Hapag-Lloyd,Chemicals,2026-04-24,2026-04-28,3,75
CMXU3592974,CMA CGM,Electronics,2026-04-21,2026-04-23,3,75
MSKU3970445,Maersk,Retail,2026-01-04,2026-01-06,3,75
MSKU6573147,Maersk,Retail,2026-04-13,2026-04-16,3,75
MSKU5476257,Maersk,Electronics,2026-04-11,2026-04-12,3,75
HPLU7417985,Hapag-Lloyd,Automotive,2026-04-20,2026-04-21,3,75
CMXU4731818,CMA CGM,Electronics,2026-04-15,2026-04-17,3,75
CMXU6866294,CMA CGM,Perishables,2026-04-16,2026-04-17,3,75
MSKU4740036,Maersk,Automotive,2026-03-26,2026-03-30,3,75
MSKU7685149,Maersk,Perishables,2026-02-05,2026-02-08,3,75
HPLU5682940,Hapag-Lloyd,Perishables,2026-03-24,2026-03-26,3,75
ONEU7705490,ONE,Chemicals,2026-02-12,2026-02-16,3,75
HPLU2935113,Hapag-Lloyd,Perishables,2026-01-23,2026-01-26,3,75
ONEU5453786,ONE,Automotive,2026-01-14,2026-01-15,3,75
ONEU8290770,ONE,Perishables,2026-04-04,2026-04-08,3,75
MSCU8321474,MSC,Chemicals,2026-03-07,2026-03-09,3,75
HPLU7462506,Hapag-Lloyd,Chemicals,2026-01-25,2026-01-28,3,75
MSCU1744682,MSC,Retail,2026-01-01,2026-01-05,3,75
ONEU4305700,ONE,Perishables,2026-02-25,2026-02-26,3,75
HPLU6539837,Hapag-Lloyd,Chemicals,2026-02-10,2026-02-11,3,75
HPLU6038571,Hapag-Lloyd,Chemicals,2026-02-09,2026-02-10,3,75
CMXU6472441,CMA CGM,Retail,2026-03-31,2026-04-03,3,75
MSCU3135534,MSC,Electronics,2026-02-23,2026-02-26,3,75
CMXU3919694,CMA CGM,Chemicals,2026-03-14,2026-03-20,3,75
MSCU7812810,MSC,Chemicals,2026-04-17,2026-04-18,3,75
HPLU6098175,Hapag-Lloyd,Perishables,2026-01-27,2026-01-29,3,75
CMXU6406444,CMA CGM,Retail,2026-02-26,2026-03-01,3,75
CMXU4585314,CMA CGM,Chemicals,2026-03-02,2026-03-04,3,75
MSKU2422633,Maersk,Perishables,2026-03-07,2026-03-08,3,75
ONEU6623525,ONE,Automotive,2026-04-15,2026-04-16,3,75
MSKU6207974,Maersk,Electronics,2026-04-14,2026-04-19,3,75
MSKU3472189,Maersk,Automotive,2026-01-06,2026-01-07,3,75
MSKU8971465,Maersk,Chemicals,2026-04-19,2026-04-21,3,75
HPLU8640615,Hapag-Lloyd,Retail,2026-04-24,2026-04-27,3,75
ONEU4262081,ONE,Retail,2026-03-05,2026-03-07,3,75
CMXU5093379,CMA CGM,Electronics,2026-03-25,2026-04-04,3,75
HPLU2788238,Hapag-Lloyd,Retail,2026-01-29,2026-02-03,3,75
MSKU9689889,Maersk,Retail,2026-01-07,2026-01-08,3,75
ONEU5180853,ONE,Automotive,2026-02-28,2026-03-02,3,75
MSKU8795419,Maersk,Chemicals,2026-03-13,2026-03-14,3,75
ONEU6323376,ONE,Retail,2026-03-20,2026-03-21,3,75
ONEU8159521,ONE,Chemicals,2026-02-27,2026-02-28,3,75
MSKU8963715,Maersk,Retail,2026-02-03,2026-02-05,3,75
MSKU5652512,Maersk,Chemicals,2026-03-04,2026-03-06,3,75
MSKU5606980,Maersk,Retail,2026-01-10,2026-01-11,3,75
MSCU4934149,MSC,Perishables,2026-02-12,2026-02-13,3,75
MSCU2351868,MSC,Electronics,2026-01-20,2026-01-24,3,75
MSKU7426265,Maersk,Electronics,2026-04-01,2026-04-02,3,75
MSKU2077581,Maersk,Retail,2026-02-22,2026-02-23,3,75
MSCU8816912,MSC,Retail,2026-01-08,2026-01-10,3,75
MSKU8048838,Maersk,Retail,2026-04-26,2026-05-02,3,75
ONEU1327691,ONE,Chemicals,2026-02-18,2026-02-19,3,75
CMXU1098919,CMA CGM,Perishables,2026-02-08,2026-02-10,3,75
CMXU8030010,CMA CGM,Chemicals,2026-04-06,2026-04-11,3,75
ONEU4700025,ONE,Retail,2026-01-29,2026-01-30,3,75
MSCU8312114,MSC,Retail,2026-01-04,2026-01-07,3,75
CMXU6639317,CMA CGM,Retail,2026-04-03,2026-04-05,3,75
MSKU8841505,Maersk,Electronics,2026-03-21,2026-03-23,3,75
ONEU1452421,ONE,Retail,2026-03-17,2026-03-19,3,75
ONEU1454696,ONE,Automotive,2026-03-24,2026-03-26,3,75
CMXU3276659,CMA CGM,Retail,2026-01-24,2026-01-25,3,75
HPLU5364698,Hapag-Lloyd,Retail,2026-02-11,2026-02-15,3,75
MSKU8628588,Maersk,Perishables,2026-02-13,2026-02-14,3,75
CMXU5668371,CMA CGM,Retail,2026-02-02,2026-02-03,3,75
HPLU8890439,Hapag-Lloyd,Automotive,2026-04-06,2026-04-07,3,75
ONEU1873851,ONE,Perishables,2026-01-29,2026-01-31,3,75
HPLU1675419,Hapag-Lloyd,Automotive,2026-02-01,2026-02-04,3,75
MSKU1341919,Maersk,Chemicals,2026-01-20,2026-01-21,3,75
MSKU3117636,Maersk,Retail,2026-03-27,2026-03-29,3,75
HPLU4656838,Hapag-Lloyd,Retail,2026-03-31,2026-04-01,3,75
MSCU7189034,MSC,Electronics,2026-03-19,2026-03-21,3,75
ONEU2921542,ONE,Electronics,2026-02-09,2026-02-10,3,75
HPLU1430812,Hapag-Lloyd,Perishables,2026-03-15,2026-03-17,3,75
CMXU7654757,CMA CGM,Electronics,2026-01-10,2026-01-12,3,75
ONEU5074336,ONE,Automotive,2026-03-31,2026-04-05,3,75
MSCU3030966,MSC,Chemicals,2026-04-11,2026-04-12,3,75
HPLU6825112,Hapag-Lloyd,Chemicals,2026-02-24,2026-02-25,3,75
MSCU2156902,MSC,Chemicals,2026-03-24,2026-03-25,3,75
MSCU1212267,MSC,Retail,2026-04-16,2026-04-20,3,75
CMXU2770648,CMA CGM,Retail,2026-02-16,2026-02-22,3,75
CMXU3566765,CMA CGM,Retail,2026-01-23,2026-01-25,3,75
ONEU5531230,ONE,Chemicals,2026-04-14,2026-04-17,3,75
ONEU9111742,ONE,Retail,2026-02-25,2026-02-28,3,75
ONEU5502929,ONE,Perishables,2026-04-20,2026-04-22,3,75
MSKU2453962,Maersk,Perishables,2026-04-23,2026-04-25,3,75
CMXU5091349,CMA CGM,Retail,2026-03-14,2026-03-16,3,75
ONEU7358385,ONE,Perishables,2026-01-04,2026-01-05,3,75
CMXU6452832,CMA CGM,Electronics,2026-03-04,2026-03-10,3,75
MSKU6952975,Maersk,Perishables,2026-02-13,2026-02-17,3,75
MSCU5635017,MSC,Chemicals,2026-01-02,2026-01-04,3,75
ONEU4205394,ONE,Automotive,2026-01-31,2026-02-01,3,75
CMXU9196976,CMA CGM,Chemicals,2026-04-08,2026-04-10,3,75
MSKU8987516,Maersk,Retail,2026-02-27,2026-03-02,3,75
HPLU2561176,Hapag-Lloyd,Perishables,2026-01-29,2026-02-02,3,75
CMXU5081983,CMA CGM,Perishables,2026-03-26,2026-03-30,3,75
ONEU7191135,ONE,Retail,2026-03-12,2026-03-15,3,75
ONEU6767292,ONE,Retail,2026-04-06,2026-04-08,3,75
ONEU6549757,ONE,Perishables,2026-03-31,2026-04-01,3,75
CMXU5545223,CMA CGM,Perishables,2026-02-02,2026-02-03,3,75
MSKU3024269,Maersk,Electronics,2026-02-10,2026-02-14,3,75
HPLU9990305,Hapag-Lloyd,Electronics,2026-01-25,2026-01-27,3,75
MSKU9123504,Maersk,Perishables,2026-04-03,2026-04-04,3,75
ONEU9801946,ONE,Chemicals,2026-02-06,2026-02-07,3,75
HPLU4256752,Hapag-Lloyd,Perishables,2026-01-30,2026-02-01,3,75
MSCU4010529,MSC,Perishables,2026-01-02,2026-01-03,3,75
ONEU3123709,ONE,Perishables,2026-01-06,2026-01-07,3,75
HPLU5901239,Hapag-Lloyd,Electronics,2026-03-23,2026-03-25,3,75
CMXU2721135,CMA CGM,Automotive,2026-03-15,2026-03-19,3,75
MSCU8875173,MSC,Retail,2026-02-26,2026-03-01,3,75
MSCU4093109,MSC,Automotive,2026-02-02,2026-02-03,3,75
CMXU2914064,CMA CGM,Automotive,2026-02-21,2026-02-25,3,75
CMXU2242892,CMA CGM,Chemicals,2026-03-22,2026-03-24,3,75
HPLU3545556,Hapag-Lloyd,Electronics,2026-04-14,2026-04-15,3,75
ONEU6097514,ONE,Automotive,2026-02-01,2026-02-04,3,75
HPLU7982241,Hapag-Lloyd,Chemicals,2026-03-18,2026-03-20,3,75
ONEU4786401,ONE,Chemicals,2026-02-18,2026-02-22,3,75
CMXU8427625,CMA CGM,Perishables,2026-04-21,2026-04-23,3,75
ONEU8194570,ONE,Perishables,2026-03-14,2026-03-16,3,75
ONEU2010496,ONE,Chemicals,2026-04-05,2026-04-06,3,75
HPLU4486102,Hapag-Lloyd,Electronics,2026-02-03,2026-02-05,3,75
HPLU3634980,Hapag-Lloyd,Electronics,2026-01-23,2026-01-24,3,75
ONEU2259379,ONE,Electronics,2026-01-01,2026-01-02,3,75
CMXU8558197,CMA CGM,Chemicals,2026-03-02,2026-03-12,3,75
MSCU1547605,MSC,Electronics,2026-02-06,2026-02-08,3,75
MSCU8617381,MSC,Automotive,2026-03-29,2026-04-02,3,75
MSKU5438490,Maersk,Chemicals,2026-03-26,2026-03-28,3,75
MSKU8132648,Maersk,Automotive,2026-03-11,2026-03-14,3,75
MSKU3499627,Maersk,Perishables,2026-04-16,2026-04-18,3,75
MSKU2198058,Maersk,Automotive,2026-01-22,2026-01-24,3,75
MSCU5842082,MSC,Retail,2026-01-16,2026-01-18,3,75
CMXU6101803,CMA CGM,Retail,2026-05-01,2026-05-02,3,75
MSCU9396529,MSC,Chemicals,2026-03-05,2026-03-08,3,75
CMXU2349590,CMA CGM,Chemicals,2026-01-06,2026-01-08,3,75
CMXU6407658,CMA CGM,Chemicals,2026-02-02,2026-02-03,3,75
HPLU2532210,Hapag-Lloyd,Electronics,2026-03-28,2026-03-30,3,75
ONEU1348050,ONE,Perishables,2026-03-15,2026-03-16,3,75
HPLU3939212,Hapag-Lloyd,Retail,2026-03-08,2026-03-13,3,75
CMXU5666692,CMA CGM,Electronics,2026-03-16,2026-03-24,3,75
CMXU9249789,CMA CGM,Automotive,2026-03-02,2026-03-08,3,75
MSCU7850944,MSC,Perishables,2026-02-11,2026-02-12,3,75
HPLU3698193,Hapag-Lloyd,Perishables,2026-02-22,2026-02-23,3,75
CMXU5835492,CMA CGM,Retail,2026-04-15,2026-04-21,3,75
ONEU1615675,ONE,Retail,2026-01-12,2026-01-14,3,75
MSCU5234550,MSC,Perishables,2026-01-15,2026-01-20,3,75
CMXU9633492,CMA CGM,Automotive,2026-03-26,2026-04-03,3,75
ONEU8750676,ONE,Retail,2026-01-07,2026-01-11,3,75
MSKU9697969,Maersk,Perishables,2026-03-21,2026-03-22,3,75
CMXU8416216,CMA CGM,Automotive,2026-01-27,2026-01-29,3,75
MSCU3198037,MSC,Perishables,2026-02-26,2026-03-02,3,75
CMXU3037191,CMA CGM,Automotive,2026-03-22,2026-03-24,3,75
ONEU5014745,ONE,Electronics,2026-02-09,2026-02-10,3,75
ONEU1229419,ONE,Chemicals,2026-02-22,2026-02-24,3,75
HPLU4769851,Hapag-Lloyd,Automotive,2026-03-01,2026-03-06,3,75
HPLU3583206,Hapag-Lloyd,Retail,2026-04-30,2026-05-03,3,75
MSCU9537455,MSC,Perishables,2026-02-23,2026-02-25,3,75
CMXU8922533,CMA CGM,Electronics,2026-02-28,2026-03-01,3,75
ONEU3426689,ONE,Retail,2026-01-25,2026-01-27,3,75
ONEU9526867,ONE,Electronics,2026-04-21,2026-04-27,3,75
HPLU5634662,Hapag-Lloyd,Retail,2026-02-13,2026-02-14,3,75
ONEU5482413,ONE,Automotive,2026-02-06,2026-02-08,3,75
MSCU9214801,MSC,Electronics,2026-02-27,2026-03-03,3,75
ONEU9125900,ONE,Perishables,2026-02-12,2026-02-15,3,75
ONEU7328534,ONE,Retail,2026-04-30,2026-05-03,3,75
MSCU4165061,MSC,Electronics,2026-03-15,2026-03-18,3,75
CMXU4918527,CMA CGM,Retail,2026-01-06,2026-01-08,3,75
MSCU8935224,MSC,Retail,2026-02-19,2026-02-20,3,75
MSKU9310235,Maersk,Automotive,2026-01-17,2026-01-20,3,75
ONEU6569946,ONE,Automotive,2026-04-22,2026-04-25,3,75
CMXU2672884,CMA CGM,Chemicals,2026-04-27,2026-05-03,3,75
CMXU1257489,CMA CGM,Electronics,2026-02-22,2026-02-28,3,75
MSKU2255409,Maersk,Retail,2026-04-11,2026-04-13,3,75
MSCU6680114,MSC,Chemicals,2026-03-30,2026-04-01,3,75
CMXU2347467,CMA CGM,Perishables,2026-04-20,2026-04-23,3,75
ONEU7375499,ONE,Perishables,2026-03-22,2026-03-24,3,75
CMXU1602286,CMA CGM,Chemicals,2026-01-09,2026-01-13,3,75
MSKU5821419,Maersk,Electronics,2026-04-06,2026-04-09,3,75
HPLU8280833,Hapag-Lloyd,Automotive,2026-04-08,2026-04-12,3,75
HPLU8443690,Hapag-Lloyd,Electronics,2026-03-30,2026-03-31,3,75
MSCU1485654,MSC,Automotive,2026-02-11,2026-02-13,3,75
HPLU5921894,Hapag-Lloyd,Perishables,2026-02-17,2026-02-18,3,75
CMXU3442255,CMA CGM,Electronics,2026-03-09,2026-03-12,3,75
CMXU4020853,CMA CGM,Electronics,2026-01-23,2026-01-24,3,75
HPLU7418028,Hapag-Lloyd,Chemicals,2026-03-29,2026-03-31,3,75
MSKU9349470,Maersk,Chemicals,2026-01-19,2026-01-21,3,75
MSKU8736811,Maersk,Perishables,2026-02-28,2026-03-01,3,75
MSCU1157662,MSC,Retail,2026-04-26,2026-04-28,3,75
MSCU3650391,MSC,Automotive,2026-02-26,2026-02-27,3,75
MSCU6018975,MSC,Retail,2026-03-30,2026-03-31,3,75
MSCU8664433,MSC,Perishables,2026-01-26,2026-01-29,3,75
CMXU9106886,CMA CGM,Automotive,2026-01-31,2026-02-02,3,75
CMXU7022335,CMA CGM,Chemicals,2026-02-07,2026-02-08,3,75
MSCU1368085,MSC,Retail,2026-02-05,2026-02-07,3,75
HPLU1822825,Hapag-Lloyd,Chemicals,2026-04-06,2026-04-09,3,75
CMXU5801541,CMA CGM,Electronics,2026-03-19,2026-03-21,3,75
MSCU4674286,MSC,Electronics,2026-03-21,2026-03-23,3,75
MSCU3294774,MSC,Automotive,2026-04-26,2026-04-27,3,75
HPLU6183033,Hapag-Lloyd,Retail,2026-01-05,2026-01-06,3,75
ONEU7121355,ONE,Electronics,2026-01-12,2026-01-14,3,75
MSCU6481437,MSC,Retail,2026-01-23,2026-01-25,3,75
MSKU3217273,Maersk,Chemicals,2026-04-23,2026-04-25,3,75
MSCU9906224,MSC,Chemicals,2026-04-27,2026-04-30,3,75
MSCU3760597,MSC,Perishables,2026-04-27,2026-05-02,3,75
CMXU5951651,CMA CGM,Perishables,2026-04-13,2026-04-15,3,75
HPLU8857296,Hapag-Lloyd,Automotive,2026-01-19,2026-01-20,3,75
MSKU7667458,Maersk,Chemicals,2026-02-16,2026-02-19,3,75
HPLU7619862,Hapag-Lloyd,Automotive,2026-02-03,2026-02-04,3,75
ONEU3073474,ONE,Retail,2026-02-17,2026-02-19,3,75
MSCU7392547,MSC,Perishables,2026-01-14,2026-01-15,3,75
MSKU8910069,Maersk,Automotive,2026-03-21,2026-03-22,3,75
ONEU6503032,ONE,Chemicals,2026-01-29,2026-02-03,3,75
HPLU8789116,Hapag-Lloyd,Perishables,2026-03-25,2026-03-28,3,75
CMXU2957497,CMA CGM,Electronics,2026-01-06,2026-01-10,3,75
HPLU6106390,Hapag-Lloyd,Retail,2026-01-15,2026-01-17,3,75
HPLU4939290,Hapag-Lloyd,Chemicals,2026-01-18,2026-01-19,3,75
CMXU8610879,CMA CGM,Perishables,2026-03-27,2026-03-28,3,75
ONEU8031780,ONE,Chemicals,2026-04-06,2026-04-07,3,75
MSKU7960607,Maersk,Automotive,2026-04-17,2026-04-19,3,75
CMXU7847048,CMA CGM,Perishables,2026-01-05,2026-01-08,3,75
MSCU4645180,MSC,Retail,2026-02-26,2026-03-01,3,75
MSKU7084862,Maersk,Automotive,2026-03-29,2026-03-30,3,75
MSCU7017548,MSC,Automotive,2026-02-20,2026-02-25,3,75
MSCU4184459,MSC,Automotive,2026-04-19,2026-04-22,3,75
CMXU2538024,CMA CGM,Electronics,2026-03-24,2026-03-27,3,75
ONEU1358318,ONE,Automotive,2026-04-11,2026-04-13,3,75
MSCU5086407,MSC,Electronics,2026-04-11,2026-04-13,3,75
ONEU4442778,ONE,Automotive,2026-04-17,2026-04-18,3,75
ONEU4475523,ONE,Chemicals,2026-01-28,2026-01-30,3,75
MSKU6512314,Maersk,Electronics,2026-04-11,2026-04-14,3,75
ONEU1047572,ONE,Perishables,2026-04-20,2026-04-21,3,75
MSKU3180906,Maersk,Chemicals,2026-02-02,2026-02-03,3,75
MSKU2844258,Maersk,Automotive,2026-01-17,2026-01-18,3,75
HPLU7010308,Hapag-Lloyd,Electronics,2026-03-17,2026-03-18,3,75
MSCU1264762,MSC,Electronics,2026-02-03,2026-02-07,3,75
HPLU3126655,Hapag-Lloyd,Retail,2026-03-09,2026-03-12,3,75
HPLU2066326,Hapag-Lloyd,Retail,2026-02-27,2026-03-01,3,75
MSCU9610704,MSC,Chemicals,2026-01-14,2026-01-15,3,75
CMXU9453010,CMA CGM,Electronics,2026-03-20,2026-03-23,3,75
HPLU9748499,Hapag-Lloyd,Perishables,2026-02-28,2026-03-02,3,75
HPLU2020480,Hapag-Lloyd,Retail,2026-04-19,2026-04-20,3,75
CMXU8151684,CMA CGM,Automotive,2026-03-04,2026-03-07,3,75
CMXU2232969,CMA CGM,Automotive,2026-02-11,2026-02-13,3,75
ONEU3488628,ONE,Automotive,2026-01-17,2026-01-19,3,75
MSCU6455706,MSC,Retail,2026-03-18,2026-03-20,3,75
ONEU5947563,ONE,Retail,2026-03-06,2026-03-07,3,75
ONEU8217547,ONE,Automotive,2026-04-12,2026-04-14,3,75
HPLU4607488,Hapag-Lloyd,Retail,2026-02-27,2026-03-01,3,75
MSKU7942639,Maersk,Perishables,2026-04-16,2026-04-18,3,75
CMXU7689582,CMA CGM,Retail,2026-04-04,2026-04-10,3,75
HPLU6243691,Hapag-Lloyd,Retail,2026-02-10,2026-02-13,3,75
MSCU7279729,MSC,Electronics,2026-03-29,2026-03-30,3,75
CMXU2126310,CMA CGM,Automotive,2026-04-17,2026-04-18,3,75
HPLU2564141,Hapag-Lloyd,Retail,2026-01-13,2026-01-15,3,75
MSCU3182975,MSC,Chemicals,2026-01-08,2026-01-09,3,75
ONEU6530541,ONE,Automotive,2026-02-22,2026-02-24,3,75
MSCU8095702,MSC,Automotive,2026-02-06,2026-02-11,3,75
ONEU6242022,ONE,Perishables,2026-01-14,2026-01-16,3,75
ONEU9512969,ONE,Electronics,2026-01-20,2026-01-22,3,75
CMXU4762204,CMA CGM,Automotive,2026-02-14,2026-02-18,3,75
ONEU7166651,ONE,Automotive,2026-04-08,2026-04-10,3,75
MSCU4794319,MSC,Retail,2026-04-19,2026-04-21,3,75
ONEU1440466,ONE,Chemicals,2026-04-29,2026-05-04,3,75
MSCU1485753,MSC,Electronics,2026-02-04,2026-02-06,3,75
MSCU6701311,MSC,Perishables,2026-01-01,2026-01-06,3,75
MSKU3403361,Maersk,Chemicals,2026-03-26,2026-03-30,3,75
CMXU2167449,CMA CGM,Electronics,2026-04-05,2026-04-06,3,75
HPLU2539438,Hapag-Lloyd,Chemicals,2026-01-28,2026-01-29,3,75
CMXU8043620,CMA CGM,Retail,2026-02-13,2026-02-14,3,75
MSKU7208460,Maersk,Perishables,2026-04-03,2026-04-04,3,75
MSCU2425342,MSC,Automotive,2026-01-20,2026-01-21,3,75
MSKU1834876,Maersk,Automotive,2026-02-04,2026-02-07,3,75
CMXU8113787,CMA CGM,Retail,2026-03-19,2026-03-20,3,75
CMXU7948850,CMA CGM,Perishables,2026-01-28,2026-01-29,3,75
ONEU2909540,ONE,Perishables,2026-02-25,2026-02-28,3,75
HPLU5752087,Hapag-Lloyd,Chemicals,2026-03-04,2026-03-05,3,75
ONEU6174418,ONE,Automotive,2026-01-29,2026-02-01,3,75
CMXU1919088,CMA CGM,Automotive,2026-01-27,2026-01-29,3,75
MSCU4543918,MSC,Electronics,2026-04-08,2026-04-09,3,75
MSCU5856117,MSC,Perishables,2026-01-16,2026-01-18,3,75
HPLU9344741,Hapag-Lloyd,Retail,2026-01-23,2026-01-25,3,75
MSKU7378822,Maersk,Chemicals,2026-04-01,2026-04-05,3,75
MSKU9393009,Maersk,Chemicals,2026-04-17,2026-04-20,3,75
MSCU2209226,MSC,Retail,2026-04-21,2026-04-24,3,75
HPLU8318550,Hapag-Lloyd,Automotive,2026-02-28,2026-03-01,3,75
HPLU6252285,Hapag-Lloyd,Chemicals,2026-02-24,2026-02-25,3,75
ONEU7785090,ONE,Retail,2026-02-07,2026-02-10,3,75
HPLU7795314,Hapag-Lloyd,Automotive,2026-02-11,2026-02-14,3,75
MSKU8719145,Maersk,Perishables,2026-01-12,2026-01-19,3,75
CMXU2776088,CMA CGM,Electronics,2026-02-25,2026-02-28,3,75
ONEU7718433,ONE,Chemicals,2026-01-11,2026-01-13,3,75
CMXU6205543,CMA CGM,Perishables,2026-01-29,2026-02-01,3,75
MSCU3820798,MSC,Automotive,2026-03-07,2026-03-08,3,75
HPLU9902071,Hapag-Lloyd,Chemicals,2026-01-25,2026-01-30,3,75
MSCU6890476,MSC,Electronics,2026-01-31,2026-02-04,3,75
HPLU3456926,Hapag-Lloyd,Perishables,2026-01-26,2026-01-28,3,75
MSKU3564729,Maersk,Automotive,2026-01-23,2026-01-26,3,75
CMXU8783840,CMA CGM,Chemicals,2026-04-08,2026-04-13,3,75
ONEU8531380,ONE,Chemicals,2026-03-24,2026-03-25,3,75
ONEU6422534,ONE,Perishables,2026-01-20,2026-01-24,3,75
CMXU2145653,CMA CGM,Retail,2026-02-26,2026-03-01,3,75
MSCU5608259,MSC,Chemicals,2026-01-08,2026-01-11,3,75
MSCU9511700,MSC,Automotive,2026-02-09,2026-02-10,3,75
CMXU8581856,CMA CGM,Automotive,2026-01-08,2026-01-14,3,75
MSCU5816353,MSC,Automotive,2026-03-24,2026-03-26,3,75
HPLU9507186,Hapag-Lloyd,Retail,2026-03-01,2026-03-02,3,75
ONEU1688246,ONE,Retail,2026-04-27,2026-05-01,3,75
ONEU4158134,ONE,Perishables,2026-03-19,2026-03-20,3,75
CMXU9411547,CMA CGM,Electronics,2026-01-08,2026-01-10,3,75
CMXU2736473,CMA CGM,Perishables,2026-04-02,2026-04-07,3,75
HPLU9464927,Hapag-Lloyd,Electronics,2026-01-06,2026-01-11,3,75
MSKU8344365,Maersk,Retail,2026-03-09,2026-03-11,3,75
ONEU3663319,ONE,Perishables,2026-02-17,2026-02-19,3,75
MSCU7499771,MSC,Retail,2026-04-10,2026-04-12,3,75
MSCU1878547,MSC,Perishables,2026-01-09,2026-01-10,3,75
MSCU2585546,MSC,Chemicals,2026-03-28,2026-03-29,3,75
CMXU5767195,CMA CGM,Perishables,2026-04-03,2026-04-05,3,75
ONEU3522845,ONE,Perishables,2026-01-11,2026-01-14,3,75
ONEU3372774,ONE,Perishables,2026-02-09,2026-02-12,3,75
CMXU3163449,CMA CGM,Chemicals,2026-04-01,2026-04-06,3,75
HPLU6193922,Hapag-Lloyd,Chemicals,2026-02-18,2026-02-19,3,75
MSCU3144023,MSC,Chemicals,2026-01-12,2026-01-14,3,75
CMXU9531021,CMA CGM,Perishables,2026-01-03,2026-01-04,3,75
MSCU6181912,MSC,Electronics,2026-01-28,2026-01-30,3,75
MSCU9158272,MSC,Electronics,2026-01-29,2026-01-31,3,75
MSKU3599548,Maersk,Automotive,2026-02-07,2026-02-11,3,75
HPLU9517619,Hapag-Lloyd,Chemicals,2026-04-17,2026-04-19,3,75
ONEU1633297,ONE,Perishables,2026-04-23,2026-04-24,3,75
ONEU3198638,ONE,Chemicals,2026-02-18,2026-02-19,3,75
MSKU3722056,Maersk,Electronics,2026-04-17,2026-04-20,3,75
ONEU3777286,ONE,Retail,2026-01-06,2026-01-08,3,75
CMXU7111929,CMA CGM,Electronics,2026-02-26,2026-02-27,3,75
ONEU5780297,ONE,Retail,2026-01-30,2026-01-31,3,75
ONEU5012581,ONE,Perishables,2026-04-14,2026-04-17,3,75
CMXU4255051,CMA CGM,Perishables,2026-03-28,2026-03-29,3,75
ONEU8391997,ONE,Retail,2026-04-09,2026-04-12,3,75
MSCU7406756,MSC,Chemicals,2026-03-09,2026-03-12,3,75
CMXU3718884,CMA CGM,Electronics,2026-04-13,2026-04-14,3,75
ONEU3321942,ONE,Perishables,2026-01-07,2026-01-08,3,75
CMXU7227905,CMA CGM,Chemicals,2026-04-30,2026-05-10,3,75
HPLU9655523,Hapag-Lloyd,Automotive,2026-02-06,2026-02-08,3,75
HPLU3689594,Hapag-Lloyd,Perishables,2026-02-27,2026-02-28,3,75
ONEU3472100,ONE,Retail,2026-01-12,2026-01-15,3,75
MSKU8568671,Maersk,Perishables,2026-04-30,2026-05-05,3,75
HPLU7960815,Hapag-Lloyd,Automotive,2026-02-20,2026-02-26,3,75
ONEU7274032,ONE,Electronics,2026-02-19,2026-02-22,3,75
HPLU7289990,Hapag-Lloyd,Electronics,2026-01-04,2026-01-06,3,75
MSCU2662338,MSC,Perishables,2026-04-12,2026-04-13,3,75
MSKU3308538,Maersk,Automotive,2026-02-06,2026-02-09,3,75
CMXU3328554,CMA CGM,Retail,2026-02-27,2026-03-02,3,75
ONEU1088100,ONE,Automotive,2026-01-03,2026-01-05,3,75
MSCU4618086,MSC,Electronics,2026-03-12,2026-03-16,3,75
ONEU9854536,ONE,Retail,2026-01-15,2026-01-16,3,75
MSCU4986941,MSC,Perishables,2026-01-16,2026-01-18,3,75
HPLU5000351,Hapag-Lloyd,Retail,2026-03-23,2026-03-24,3,75
ONEU8669093,ONE,Automotive,2026-01-15,2026-01-17,3,75
CMXU9993490,CMA CGM,Automotive,2026-03-22,2026-03-23,3,75
ONEU5059048,ONE,Electronics,2026-02-07,2026-02-08,3,75
CMXU1026245,CMA CGM,Chemicals,2026-02-15,2026-02-16,3,75
MSKU7988844,Maersk,Electronics,2026-03-27,2026-03-29,3,75
HPLU9782613,Hapag-Lloyd,Perishables,2026-01-09,2026-01-12,3,75
ONEU9511546,ONE,Chemicals,2026-03-12,2026-03-14,3,75
HPLU7550726,Hapag-Lloyd,Retail,2026-01-06,2026-01-11,3,75
CMXU7262974,CMA CGM,Perishables,2026-04-06,2026-04-07,3,75
HPLU6991041,Hapag-Lloyd,Automotive,2026-02-14,2026-02-15,3,75
MSKU2739191,Maersk,Chemicals,2026-04-05,2026-04-09,3,75
MSCU3238241,MSC,Automotive,2026-02-15,2026-02-16,3,75
ONEU6679880,ONE,Electronics,2026-04-17,2026-04-22,3,75
CMXU9028420,CMA CGM,Electronics,2026-04-14,2026-04-15,3,75
MSKU2058651,Maersk,Retail,2026-01-05,2026-01-10,3,75
MSCU4382135,MSC,Automotive,2026-04-12,2026-04-13,3,75
MSKU1703065,Maersk,Perishables,2026-04-30,2026-05-04,3,75
MSCU9646701,MSC,Retail,2026-04-15,2026-04-17,3,75
ONEU8942330,ONE,Perishables,2026-01-05,2026-01-12,3,75
MSKU5800144,Maersk,Perishables,2026-04-21,2026-04-22,3,75
HPLU6568772,Hapag-Lloyd,Perishables,2026-01-16,2026-01-18,3,75
MSCU8330827,MSC,Retail,2026-04-06,2026-04-11,3,75
CMXU7486822,CMA CGM,Perishables,2026-01-24,2026-01-26,3,75
CMXU9347057,CMA CGM,Perishables,2026-04-29,2026-05-01,3,75
ONEU5474830,ONE,Automotive,2026-04-04,2026-04-07,3,75
CMXU2324175,CMA CGM,Retail,2026-03-19,2026-03-22,3,75
MSKU5928582,Maersk,Perishables,2026-01-14,2026-01-16,3,75
HPLU6501583,Hapag-Lloyd,Perishables,2026-02-09,2026-02-11,3,75
CMXU8149041,CMA CGM,Electronics,2026-03-30,2026-04-05,3,75
CMXU6897979,CMA CGM,Retail,2026-01-06,2026-01-07,3,75
MSCU8297090,MSC,Perishables,2026-03-23,2026-03-24,3,75
HPLU2258981,Hapag-Lloyd,Retail,2026-02-16,2026-02-21,3,75
ONEU3684131,ONE,Automotive,2026-01-19,2026-01-23,3,75
ONEU8351320,ONE,Automotive,2026-01-17,2026-01-19,3,75
HPLU4959345,Hapag-Lloyd,Perishables,2026-02-16,2026-02-18,3,75
CMXU1543335,CMA CGM,Chemicals,2026-01-20,2026-01-22,3,75
CMXU7223751,CMA CGM,Perishables,2026-02-26,2026-02-27,3,75
HPLU3310140,Hapag-Lloyd,Chemicals,2026-02-16,2026-02-18,3,75
CMXU6274512,CMA CGM,Perishables,2026-02-01,2026-02-02,3,75
HPLU1434753,Hapag-Lloyd,Electronics,2026-03-05,2026-03-07,3,75
ONEU7492570,ONE,Chemicals,2026-01-16,2026-01-17,3,75
MSCU5366937,MSC,Retail,2026-01-28,2026-02-02,3,75
ONEU5791184,ONE,Retail,2026-01-26,2026-02-01,3,75
HPLU3277144,Hapag-Lloyd,Automotive,2026-02-27,2026-03-02,3,75
MSKU8467726,Maersk,Automotive,2026-04-14,2026-04-16,3,75
MSCU6828829,MSC,Automotive,2026-03-12,2026-03-13,3,75
ONEU5871470,ONE,Perishables,2026-04-19,2026-04-22,3,75
MSKU3920762,Maersk,Perishables,2026-03-07,2026-03-09,3,75
MSKU3036124,Maersk,Electronics,2026-04-12,2026-04-13,3,75
MSKU4971774,Maersk,Retail,2026-01-04,2026-01-08,3,75
MSCU7189302,MSC,Retail,2026-04-13,2026-04-16,3,75
ONEU3177199,ONE,Chemicals,2026-04-24,2026-04-29,3,75
HPLU2103070,Hapag-Lloyd,Perishables,2026-02-20,2026-02-23,3,75
CMXU9819709,CMA CGM,Retail,2026-04-09,2026-04-13,3,75
CMXU2237331,CMA CGM,Electronics,2026-02-10,2026-02-13,3,75
HPLU8549319,Hapag-Lloyd,Retail,2026-03-29,2026-04-03,3,75
ONEU6779998,ONE,Electronics,2026-04-23,2026-04-27,3,75
ONEU4052834,ONE,Electronics,2026-02-25,2026-02-26,3,75
ONEU1929673,ONE,Automotive,2026-03-08,2026-03-09,3,75
MSKU6102363,Maersk,Electronics,2026-01-21,2026-01-23,3,75
MSCU4782763,MSC,Perishables,2026-05-01,2026-05-04,3,75
ONEU5765539,ONE,Automotive,2026-02-02,2026-02-08,3,75
MSKU5604524,Maersk,Electronics,2026-03-22,2026-03-23,3,75
MSCU9950276,MSC,Automotive,2026-03-06,2026-03-08,3,75
MSKU3586950,Maersk,Electronics,2026-03-26,2026-03-28,3,75
ONEU6664316,ONE,Chemicals,2026-01-06,2026-01-11,3,75
HPLU2362693,Hapag-Lloyd,Automotive,2026-03-24,2026-03-28,3,75
ONEU5440189,ONE,Electronics,2026-04-09,2026-04-13,3,75
ONEU7989166,ONE,Chemicals,2026-03-23,2026-03-25,3,75
HPLU9355692,Hapag-Lloyd,Chemicals,2026-02-07,2026-02-09,3,75
MSCU9102469,MSC,Electronics,2026-04-14,2026-04-15,3,75
CMXU5990112,CMA CGM,Retail,2026-01-10,2026-01-11,3,75
HPLU3652149,Hapag-Lloyd,Retail,2026-02-23,2026-02-27,3,75
CMXU8792046,CMA CGM,Electronics,2026-02-13,2026-02-18,3,75
ONEU3410360,ONE,Perishables,2026-04-21,2026-04-28,3,75
MSCU6794356,MSC,Retail,2026-01-17,2026-01-23,3,75
MSCU9639932,MSC,Chemicals,2026-01-14,2026-01-16,3,75
MSCU5055688,MSC,Retail,2026-01-16,2026-01-19,3,75
MSCU8542969,MSC,Electronics,2026-01-19,2026-01-24,3,75
HPLU1849015,Hapag-Lloyd,Perishables,2026-02-19,2026-02-22,3,75
ONEU8015136,ONE,Electronics,2026-04-21,2026-04-22,3,75
MSKU6493461,Maersk,Chemicals,2026-04-03,2026-04-05,3,75
MSCU4184887,MSC,Electronics,2026-03-05,2026-03-06,3,75
ONEU8831858,ONE,Retail,2026-04-23,2026-04-28,3,75
MSCU9344488,MSC,Automotive,2026-01-12,2026-01-14,3,75
CMXU9479950,CMA CGM,Retail,2026-01-31,2026-02-02,3,75
MSKU6920597,Maersk,Automotive,2026-01-07,2026-01-10,3,75
MSCU9302946,MSC,Chemicals,2026-04-23,2026-04-25,3,75
CMXU5794062,CMA CGM,Chemicals,2026-01-02,2026-01-04,3,75
HPLU8229768,Hapag-Lloyd,Electronics,2026-04-23,2026-04-24,3,75
MSCU7136730,MSC,Retail,2026-02-16,2026-02-19,3,75
HPLU7720644,Hapag-Lloyd,Automotive,2026-03-14,2026-03-16,3,75
ONEU4265774,ONE,Perishables,2026-03-12,2026-03-15,3,75
MSCU2233658,MSC,Retail,2026-03-06,2026-03-08,3,75
CMXU5692934,CMA CGM,Chemicals,2026-03-29,2026-04-04,3,75
ONEU2993318,ONE,Electronics,2026-01-13,2026-01-15,3,75
CMXU7261229,CMA CGM,Perishables,2026-03-13,2026-03-15,3,75
MSCU3420404,MSC,Electronics,2026-03-19,2026-03-23,3,75
ONEU7734157,ONE,Chemicals,2026-01-06,2026-01-08,3,75
HPLU1652868,Hapag-Lloyd,Electronics,2026-04-02,2026-04-03,3,75
MSCU8948107,MSC,Chemicals,2026-02-28,2026-03-01,3,75
MSKU9648751,Maersk,Electronics,2026-02-11,2026-02-14,3,75
ONEU6344047,ONE,Electronics,2026-02-20,2026-02-22,3,75
ONEU6020319,ONE,Chemicals,2026-02-13,2026-02-16,3,75
ONEU9551583,ONE,Chemicals,2026-03-04,2026-03-05,3,75
ONEU6029651,ONE,Retail,2026-04-15,2026-04-16,3,75
HPLU7180018,Hapag-Lloyd,Perishables,2026-03-28,2026-03-29,3,75
HPLU7988386,Hapag-Lloyd,Chemicals,2026-02-09,2026-02-11,3,75
HPLU8962302,Hapag-Lloyd,Perishables,2026-03-25,2026-03-27,3,75
ONEU4817541,ONE,Automotive,2026-03-16,2026-03-18,3,75
CMXU3860717,CMA CGM,Chemicals,2026-03-22,2026-03-25,3,75
ONEU7378535,ONE,Electronics,2026-04-16,2026-04-20,3,75
MSKU1529665,Maersk,Chemicals,2026-03-31,2026-04-01,3,75
HPLU4200829,Hapag-Lloyd,Automotive,2026-02-26,2026-02-28,3,75
MSCU8025967,MSC,Electronics,2026-02-22,2026-02-25,3,75
MSKU7884990,Maersk,Chemicals,2026-04-10,2026-04-12,3,75
ONEU8912226,ONE,Automotive,2026-04-01,2026-04-03,3,75
MSKU9702060,Maersk,Electronics,2026-03-13,2026-03-17,3,75
MSCU9025733,MSC,Chemicals,2026-02-18,2026-02-23,3,75
MSCU3905518,MSC,Retail,2026-04-27,2026-04-28,3,75
ONEU6743294,ONE,Chemicals,2026-02-15,2026-02-19,3,75
MSCU9123194,MSC,Electronics,2026-02-01,2026-02-03,3,75
MSCU6007984,MSC,Electronics,2026-05-01,2026-05-02,3,75
MSCU5848684,MSC,Electronics,2026-03-30,2026-04-01,3,75
CMXU6319061,CMA CGM,Retail,2026-02-14,2026-02-24,3,75
ONEU5587856,ONE,Perishables,2026-01-16,2026-01-18,3,75
ONEU7370211,ONE,Retail,2026-04-15,2026-04-16,3,75
MSCU3457461,MSC,Perishables,2026-01-06,2026-01-08,3,75
MSCU2325893,MSC,Perishables,2026-04-29,2026-04-30,3,75
CMXU5302415,CMA CGM,Retail,2026-01-28,2026-01-29,3,75
MSKU5548852,Maersk,Chemicals,2026-03-31,2026-04-01,3,75
MSCU3303058,MSC,Automotive,2026-03-20,2026-03-21,3,75
ONEU5014486,ONE,Electronics,2026-01-07,2026-01-08,3,75
ONEU4786141,ONE,Electronics,2026-01-07,2026-01-08,3,75
HPLU7934046,Hapag-Lloyd,Perishables,2026-04-02,2026-04-04,3,75
CMXU2686863,CMA CGM,Electronics,2026-01-01,2026-01-02,3,75
ONEU3649811,ONE,Retail,2026-03-25,2026-03-26,3,75
CMXU9010256,CMA CGM,Electronics,2026-04-07,2026-04-13,3,75
MSCU6388299,MSC,Perishables,2026-03-24,2026-03-26,3,75
HPLU2500901,Hapag-Lloyd,Chemicals,2026-01-30,2026-02-02,3,75
ONEU1625760,ONE,Electronics,2026-02-23,2026-02-24,3,75
MSKU1609681,Maersk,Retail,2026-04-11,2026-04-12,3,75
CMXU4125790,CMA CGM,Perishables,2026-04-23,2026-04-24,3,75
HPLU1155477,Hapag-Lloyd,Perishables,2026-03-14,2026-03-15,3,75
ONEU2800206,ONE,Perishables,2026-02-06,2026-02-07,3,75
CMXU9796605,CMA CGM,Retail,2026-04-24,2026-04-25,3,75
MSKU9459284,Maersk,Retail,2026-02-04,2026-02-05,3,75
MSKU2889899,Maersk,Perishables,2026-01-21,2026-01-22,3,75
CMXU5316188,CMA CGM,Electronics,2026-01-02,2026-01-05,3,75
MSCU5949685,MSC,Chemicals,2026-03-28,2026-03-29,3,75
MSKU3944316,Maersk,Chemicals,2026-04-20,2026-04-22,3,75
CMXU8175669,CMA CGM,Chemicals,2026-02-11,2026-02-14,3,75
HPLU7724865,Hapag-Lloyd,Automotive,2026-01-24,2026-01-27,3,75
MSKU9010350,Maersk,Perishables,2026-04-30,2026-05-01,3,75
MSKU1114590,Maersk,Perishables,2026-02-19,2026-02-22,3,75
MSKU8494978,Maersk,Perishables,2026-02-12,2026-02-14,3,75
MSCU1191859,MSC,Perishables,2026-03-25,2026-03-26,3,75
MSCU4964499,MSC,Automotive,2026-03-27,2026-03-31,3,75
HPLU8808032,Hapag-Lloyd,Perishables,2026-01-21,2026-01-25,3,75
CMXU9430894,CMA CGM,Perishables,2026-03-30,2026-03-31,3,75
HPLU5949909,Hapag-Lloyd,Perishables,2026-03-20,2026-03-21,3,75
MSKU4676367,Maersk,Electronics,2026-03-03,2026-03-06,3,75
MSKU8633275,Maersk,Chemicals,2026-02-17,2026-02-20,3,75
CMXU8899184,CMA CGM,Chemicals,2026-04-13,2026-04-14,3,75
MSKU5151780,Maersk,Chemicals,2026-04-22,2026-04-23,3,75
HPLU9816538,Hapag-Lloyd,Retail,2026-03-09,2026-03-11,3,75
MSCU2310346,MSC,Chemicals,2026-01-15,2026-01-17,3,75
HPLU9480665,Hapag-Lloyd,Electronics,2026-03-15,2026-03-17,3,75
ONEU3514105,ONE,Electronics,2026-02-11,2026-02-13,3,75
ONEU8412854,ONE,Automotive,2026-03-29,2026-03-31,3,75
MSKU9201172,Maersk,Automotive,2026-04-26,2026-04-29,3,75
ONEU8473959,ONE,Automotive,2026-02-28,2026-03-01,3,75
MSKU9610869,Maersk,Retail,2026-02-28,2026-03-01,3,75
ONEU1968662,ONE,Chemicals,2026-03-01,2026-03-04,3,75
MSCU1365247,MSC,Retail,2026-02-02,2026-02-06,3,75
HPLU4655777,Hapag-Lloyd,Chemicals,2026-01-10,2026-01-12,3,75
HPLU8108462,Hapag-Lloyd,Perishables,2026-03-31,2026-04-02,3,75
HPLU2010921,Hapag-Lloyd,Automotive,2026-04-30,2026-05-01,3,75
CMXU1532422,CMA CGM,Perishables,2026-02-22,2026-02-24,3,75
MSKU3272119,Maersk,Retail,2026-02-17,2026-02-19,3,75
CMXU8525204,CMA CGM,Retail,2026-02-18,2026-02-20,3,75
HPLU3231198,Hapag-Lloyd,Perishables,2026-01-16,2026-01-17,3,75
MSKU7594429,Maersk,Chemicals,2026-01-17,2026-01-19,3,75
MSKU1058272,Maersk,Automotive,2026-02-08,2026-02-09,3,75
CMXU8115687,CMA CGM,Chemicals,2026-02-18,2026-02-20,3,75
MSKU5152562,Maersk,Retail,2026-02-14,2026-02-15,3,75
MSKU5624635,Maersk,Electronics,2026-04-30,2026-05-01,3,75
HPLU1540516,Hapag-Lloyd,Retail,2026-03-20,2026-03-21,3,75
HPLU5037710,Hapag-Lloyd,Electronics,2026-01-09,2026-01-13,3,75
HPLU1563316,Hapag-Lloyd,Retail,2026-03-18,2026-03-20,3,75
HPLU5105957,Hapag-Lloyd,Automotive,2026-02-21,2026-02-24,3,75
CMXU4931560,CMA CGM,Chemicals,2026-01-28,2026-02-02,3,75
HPLU3351084,Hapag-Lloyd,Chemicals,2026-02-07,2026-02-09,3,75
MSKU6350316,Maersk,Chemicals,2026-03-18,2026-03-19,3,75
MSCU4974590,MSC,Perishables,2026-04-23,2026-04-25,3,75
MSKU9745141,Maersk,Electronics,2026-02-22,2026-02-24,3,75
MSCU5616316,MSC,Automotive,2026-03-13,2026-03-16,3,75
ONEU3938247,ONE,Retail,2026-03-13,2026-03-15,3,75
CMXU1786584,CMA CGM,Perishables,2026-05-01,2026-05-02,3,75
CMXU9799030,CMA CGM,Perishables,2026-03-31,2026-04-01,3,75
CMXU7849452,CMA CGM,Electronics,2026-02-08,2026-02-10,3,75
CMXU4084977,CMA CGM,Chemicals,2026-03-02,2026-03-06,3,75
MSKU4780654,Maersk,Perishables,2026-04-20,2026-04-22,3,75
MSKU8768273,Maersk,Automotive,2026-03-13,2026-03-15,3,75
CMXU7987842,CMA CGM,Chemicals,2026-03-09,2026-03-19,3,75
MSKU7516590,Maersk,Electronics,2026-02-02,2026-02-04,3,75
MSKU6540893,Maersk,Automotive,2026-04-29,2026-04-30,3,75
CMXU7225647,CMA CGM,Automotive,2026-03-10,2026-03-11,3,75
MSKU1864641,Maersk,Perishables,2026-02-18,2026-02-19,3,75
ONEU1663497,ONE,Automotive,2026-01-25,2026-01-26,3,75
ONEU4640933,ONE,Retail,2026-01-27,2026-01-28,3,75
MSCU6086650,MSC,Automotive,2026-01-28,2026-01-29,3,75
MSKU2968239,Maersk,Retail,2026-04-28,2026-04-29,3,75
MSKU4431161,Maersk,Retail,2026-04-28,2026-04-29,3,75
MSKU6395804,Maersk,Perishables,2026-02-18,2026-02-22,3,75
CMXU9953163,CMA CGM,Perishables,2026-02-09,2026-02-10,3,75
MSCU7033835,MSC,Chemicals,2026-04-23,2026-04-25,3,75
CMXU8818250,CMA CGM,Automotive,2026-04-13,2026-04-16,3,75
CMXU6372622,CMA CGM,Electronics,2026-02-17,2026-02-27,3,75
MSCU7944595,MSC,Automotive,2026-03-14,2026-03-15,3,75
MSKU3448176,Maersk,Automotive,2026-02-03,2026-02-05,3,75
ONEU8005797,ONE,Perishables,2026-01-20,2026-01-25,3,75
MSKU6534221,Maersk,Electronics,2026-02-18,2026-02-22,3,75
ONEU5122665,ONE,Retail,2026-03-12,2026-03-15,3,75
MSCU5317226,MSC,Retail,2026-04-03,2026-04-04,3,75
CMXU8731427,CMA CGM,Electronics,2026-04-04,2026-04-05,3,75
MSCU3839807,MSC,Electronics,2026-04-03,2026-04-06,3,75
ONEU9192588,ONE,Electronics,2026-04-28,2026-05-02,3,75
ONEU1985360,ONE,Chemicals,2026-01-05,2026-01-07,3,75
HPLU1813936,Hapag-Lloyd,Automotive,2026-02-22,2026-02-24,3,75
MSKU4882808,Maersk,Automotive,2026-04-01,2026-04-02,3,75
MSKU1153368,Maersk,Electronics,2026-03-06,2026-03-09,3,75
CMXU7261268,CMA CGM,Automotive,2026-03-21,2026-03-22,3,75
ONEU9106820,ONE,Retail,2026-01-03,2026-01-04,3,75
HPLU9929043,Hapag-Lloyd,Chemicals,2026-02-22,2026-02-24,3,75
HPLU1280618,Hapag-Lloyd,Chemicals,2026-04-03,2026-04-05,3,75
MSCU9988193,MSC,Perishables,2026-01-03,2026-01-04,3,75
ONEU8223819,ONE,Electronics,2026-01-14,2026-01-15,3,75
HPLU9797727,Hapag-Lloyd,Electronics,2026-01-31,2026-02-02,3,75
MSKU9832465,Maersk,Perishables,2026-04-15,2026-04-16,3,75
MSCU5484964,MSC,Retail,2026-01-11,2026-01-13,3,75
MSCU7812009,MSC,Retail,2026-03-14,2026-03-15,3,75
MSKU4789255,Maersk,Perishables,2026-03-29,2026-03-31,3,75
HPLU1531577,Hapag-Lloyd,Automotive,2026-02-21,2026-02-23,3,75
CMXU7327855,CMA CGM,Chemicals,2026-03-02,2026-03-03,3,75
HPLU1158547,Hapag-Lloyd,Electronics,2026-01-11,2026-01-12,3,75
CMXU8279795,CMA CGM,Perishables,2026-03-14,2026-03-15,3,75
HPLU9861040,Hapag-Lloyd,Automotive,2026-01-30,2026-01-31,3,75
MSKU8977571,Maersk,Perishables,2026-01-06,2026-01-13,3,75
HPLU5703878,Hapag-Lloyd,Chemicals,2026-03-14,2026-03-15,3,75
HPLU4009069,Hapag-Lloyd,Perishables,2026-01-03,2026-01-06,3,75
MSKU3419132,Maersk,Retail,2026-04-29,2026-04-30,3,75
HPLU6021033,Hapag-Lloyd,Electronics,2026-03-14,2026-03-17,3,75
MSKU7528964,Maersk,Chemicals,2026-02-12,2026-02-15,3,75
CMXU3347981,CMA CGM,Automotive,2026-03-06,2026-03-09,3,75
MSCU1900876,MSC,Automotive,2026-02-25,2026-02-27,3,75
MSKU2275374,Maersk,Perishables,2026-03-19,2026-03-21,3,75
ONEU7655572,ONE,Perishables,2026-01-04,2026-01-05,3,75
MSCU8558977,MSC,Retail,2026-01-30,2026-02-03,3,75
MSCU7298619,MSC,Retail,2026-01-24,2026-01-28,3,75
ONEU7376562,ONE,Automotive,2026-04-09,2026-04-14,3,75
ONEU5955645,ONE,Electronics,2026-04-02,2026-04-03,3,75
HPLU2376369,Hapag-Lloyd,Perishables,2026-01-20,2026-01-23,3,75
CMXU3588336,CMA CGM,Retail,2026-02-10,2026-02-18,3,75
MSCU2787627,MSC,Automotive,2026-01-01,2026-01-02,3,75
MSCU8461429,MSC,Perishables,2026-04-08,2026-04-09,3,75
MSCU2715158,MSC,Electronics,2026-01-12,2026-01-15,3,75
MSKU8230636,Maersk,Retail,2026-03-13,2026-03-15,3,75
ONEU9597330,ONE,Retail,2026-01-14,2026-01-18,3,75
HPLU2503554,Hapag-Lloyd,Perishables,2026-03-12,2026-03-13,3,75
HPLU6443037,Hapag-Lloyd,Retail,2026-01-02,2026-01-05,3,75
MSCU7942580,MSC,Retail,2026-04-10,2026-04-11,3,75
HPLU5072543,Hapag-Lloyd,Chemicals,2026-03-08,2026-03-09,3,75
MSKU7387623,Maersk,Electronics,2026-01-18,2026-01-19,3,75
MSCU6052144,MSC,Perishables,2026-03-05,2026-03-08,3,75
MSKU2061446,Maersk,Electronics,2026-02-25,2026-02-28,3,75
MSCU8064924,MSC,Perishables,2026-03-03,2026-03-05,3,75
HPLU7058670,Hapag-Lloyd,Perishables,2026-05-01,2026-05-02,3,75
MSKU9318184,Maersk,Chemicals,2026-03-20,2026-03-24,3,75
MSKU8681643,Maersk,Automotive,2026-01-18,2026-01-20,3,75
MSCU1113537,MSC,Retail,2026-02-12,2026-02-15,3,75
ONEU7373495,ONE,Perishables,2026-02-26,2026-02-28,3,75
MSCU8224541,MSC,Chemicals,2026-01-18,2026-01-20,3,75
MSCU6379868,MSC,Chemicals,2026-03-30,2026-04-01,3,75
MSKU9036449,Maersk,Perishables,2026-01-23,2026-01-24,3,75
CMXU6354241,CMA CGM,Perishables,2026-04-05,2026-04-08,3,75
CMXU5067204,CMA CGM,Perishables,2026-02-18,2026-02-20,3,75
MSCU7592357,MSC,Perishables,2026-01-15,2026-01-16,3,75
ONEU4352088,ONE,Chemicals,2026-03-11,2026-03-15,3,75
MSKU1451577,Maersk,Retail,2026-05-01,2026-05-03,3,75
MSKU8356053,Maersk,Perishables,2026-04-17,2026-04-19,3,75
HPLU7864256,Hapag-Lloyd,Retail,2026-01-18,2026-01-22,3,75
MSCU5060441,MSC,Perishables,2026-03-26,2026-03-28,3,75
MSKU8098909,Maersk,Retail,2026-01-10,2026-01-11,3,75
CMXU9040224,CMA CGM,Chemicals,2026-02-21,2026-03-01,3,75
ONEU9499549,ONE,Retail,2026-03-11,2026-03-13,3,75
HPLU7031903,Hapag-Lloyd,Chemicals,2026-03-18,2026-03-19,3,75
HPLU2834914,Hapag-Lloyd,Electronics,2026-03-26,2026-03-27,3,75
MSCU3790696,MSC,Chemicals,2026-01-06,2026-01-09,3,75
ONEU7704473,ONE,Perishables,2026-04-12,2026-04-14,3,75
CMXU2777454,CMA CGM,Automotive,2026-01-13,2026-01-16,3,75
MSCU4724560,MSC,Chemicals,2026-04-06,2026-04-10,3,75
ONEU4708297,ONE,Retail,2026-02-17,2026-02-20,3,75
CMXU8768911,CMA CGM,Chemicals,2026-03-30,2026-03-31,3,75
ONEU3529080,ONE,Perishables,2026-01-04,2026-01-05,3,75
CMXU2754047,CMA CGM,Perishables,2026-02-23,2026-02-24,3,75
HPLU2947320,Hapag-Lloyd,Electronics,2026-02-14,2026-02-17,3,75
MSCU6755703,MSC,Retail,2026-04-11,2026-04-12,3,75
MSKU9742856,Maersk,Retail,2026-02-14,2026-02-16,3,75
CMXU2637842,CMA CGM,Retail,2026-04-03,2026-04-08,3,75
CMXU6350413,CMA CGM,Automotive,2026-02-08,2026-02-14,3,75
HPLU2930810,Hapag-Lloyd,Automotive,2026-04-19,2026-04-20,3,75
MSCU2834801,MSC,Electronics,2026-04-30,2026-05-03,3,75
MSKU9656941,Maersk,Electronics,2026-03-12,2026-03-13,3,75
MSKU6553084,Maersk,Chemicals,2026-02-24,2026-02-28,3,75
CMXU4889890,CMA CGM,Retail,2026-03-22,2026-03-23,3,75
MSKU4127053,Maersk,Retail,2026-02-20,2026-02-22,3,75
HPLU4310554,Hapag-Lloyd,Retail,2026-03-17,2026-03-20,3,75
CMXU7523581,CMA CGM,Automotive,2026-04-01,2026-04-02,3,75
MSKU4452490,Maersk,Perishables,2026-04-07,2026-04-08,3,75
HPLU2707116,Hapag-Lloyd,Chemicals,2026-01-24,2026-01-27,3,75
MSCU6469119,MSC,Electronics,2026-02-28,2026-03-03,3,75
HPLU5401559,Hapag-Lloyd,Retail,2026-03-09,2026-03-11,3,75
MSCU7520284,MSC,Chemicals,2026-02-20,2026-02-23,3,75
ONEU2916496,ONE,Perishables,2026-02-15,2026-02-17,3,75
CMXU3894531,CMA CGM,Perishables,2026-04-28,2026-04-29,3,75
ONEU2421902,ONE,Electronics,2026-02-10,2026-02-11,3,75
HPLU5002586,Hapag-Lloyd,Perishables,2026-01-15,2026-01-16,3,75
MSKU7263036,Maersk,Electronics,2026-03-07,2026-03-11,3,75
CMXU8016887,CMA CGM,Chemicals,2026-01-18,2026-01-21,3,75
ONEU7437584,ONE,Retail,2026-01-24,2026-01-26,3,75
CMXU3906397,CMA CGM,Chemicals,2026-01-22,2026-01-25,3,75
CMXU5845843,CMA CGM,Electronics,2026-01-24,2026-02-01,3,75
MSCU8566540,MSC,Chemicals,2026-01-07,2026-01-08,3,75
MSCU1160783,MSC,Retail,2026-01-18,2026-01-20,3,75
MSKU7441514,Maersk,Chemicals,2026-03-06,2026-03-08,3,75
CMXU7864135,CMA CGM,Retail,2026-02-23,2026-02-27,3,75
CMXU9199017,CMA CGM,Electronics,2026-01-11,2026-01-12,3,75
ONEU1517756,ONE,Electronics,2026-02-07,2026-02-11,3,75
HPLU5611266,Hapag-Lloyd,Electronics,2026-03-10,2026-03-15,3,75
MSCU3822078,MSC,Retail,2026-03-14,2026-03-16,3,75
CMXU9569902,CMA CGM,Automotive,2026-03-15,2026-03-19,3,75
HPLU5494430,Hapag-Lloyd,Chemicals,2026-04-16,2026-04-20,3,75
MSCU1698108,MSC,Retail,2026-03-11,2026-03-14,3,75
MSKU8132912,Maersk,Automotive,2026-04-05,2026-04-06,3,75
MSKU5994727,Maersk,Automotive,2026-02-27,2026-03-01,3,75
MSCU6848151,MSC,Automotive,2026-02-26,2026-02-28,3,75
HPLU4975295,Hapag-Lloyd,Electronics,2026-04-14,2026-04-16,3,75
ONEU6882609,ONE,Chemicals,2026-03-22,2026-03-25,3,75
CMXU3784709,CMA CGM,Chemicals,2026-01-18,2026-01-26,3,75
MSKU4471922,Maersk,Automotive,2026-03-14,2026-03-18,3,75
MSCU9930189,MSC,Perishables,2026-03-18,2026-03-20,3,75
ONEU3824903,ONE,Perishables,2026-04-01,2026-04-02,3,75
MSCU5854206,MSC,Chemicals,2026-02-04,2026-02-10,3,75
ONEU2597613,ONE,Electronics,2026-04-07,2026-04-11,3,75
CMXU1994652,CMA CGM,Perishables,2026-04-21,2026-04-22,3,75
MSKU3226183,Maersk,Electronics,2026-01-19,2026-01-23,3,75
MSCU5153279,MSC,Retail,2026-03-04,2026-03-08,3,75
MSKU5508325,Maersk,Retail,2026-02-18,2026-02-20,3,75
CMXU2266952,CMA CGM,Automotive,2026-02-21,2026-02-24,3,75
ONEU5667852,ONE,Perishables,2026-02-28,2026-03-01,3,75
CMXU6491002,CMA CGM,Chemicals,2026-01-01,2026-01-02,3,75
HPLU8691502,Hapag-Lloyd,Perishables,2026-04-19,2026-04-20,3,75
HPLU9966154,Hapag-Lloyd,Retail,2026-01-28,2026-01-31,3,75
CMXU4554277,CMA CGM,Retail,2026-02-04,2026-02-05,3,75
MSCU5757902,MSC,Perishables,2026-03-12,2026-03-13,3,75
ONEU3191007,ONE,Chemicals,2026-04-20,2026-04-22,3,75
CMXU6766993,CMA CGM,Automotive,2026-01-06,2026-01-09,3,75
HPLU8710502,Hapag-Lloyd,Automotive,2026-01-16,2026-01-20,3,75
MSKU8403549,Maersk,Retail,2026-01-01,2026-01-02,3,75
CMXU4394336,CMA CGM,Electronics,2026-04-23,2026-04-25,3,75
MSCU3667199,MSC,Perishables,2026-01-12,2026-01-15,3,75
MSCU5200835,MSC,Automotive,2026-02-17,2026-02-19,3,75
MSKU1868846,Maersk,Retail,2026-03-22,2026-03-23,3,75
MSCU4928281,MSC,Retail,2026-03-25,2026-03-27,3,75
HPLU2596917,Hapag-Lloyd,Automotive,2026-01-28,2026-01-29,3,75
CMXU2307594,CMA CGM,Electronics,2026-03-17,2026-03-18,3,75
MSKU9714828,Maersk,Retail,2026-01-02,2026-01-04,3,75
HPLU6764217,Hapag-Lloyd,Automotive,2026-04-21,2026-04-23,3,75
CMXU3217531,CMA CGM,Retail,2026-01-10,2026-01-16,3,75
MSKU7426846,Maersk,Automotive,2026-04-04,2026-04-06,3,75
HPLU2731434,Hapag-Lloyd,Perishables,2026-02-17,2026-02-19,3,75
MSCU3300647,MSC,Retail,2026-04-10,2026-04-12,3,75
MSKU3396676,Maersk,Automotive,2026-03-09,2026-03-10,3,75
ONEU1142182,ONE,Chemicals,2026-03-25,2026-03-28,3,75
MSKU8383643,Maersk,Perishables,2026-04-03,2026-04-04,3,75
MSKU3539636,Maersk,Retail,2026-03-20,2026-03-25,3,75
CMXU4644760,CMA CGM,Automotive,2026-04-25,2026-04-26,3,75
HPLU3349030,Hapag-Lloyd,Automotive,2026-03-17,2026-03-19,3,75
CMXU6897789,CMA CGM,Retail,2026-02-10,2026-02-11,3,75
MSKU5157165,Maersk,Perishables,2026-03-24,2026-03-31,3,75
HPLU5163551,Hapag-Lloyd,Chemicals,2026-03-18,2026-03-20,3,75
ONEU5780177,ONE,Automotive,2026-04-19,2026-04-21,3,75
MSCU4446807,MSC,Chemicals,2026-03-19,2026-03-20,3,75
ONEU4164963,ONE,Retail,2026-02-07,2026-02-10,3,75
HPLU5015476,Hapag-Lloyd,Retail,2026-02-19,2026-02-20,3,75
HPLU5044680,Hapag-Lloyd,Retail,2026-03-23,2026-03-27,3,75
ONEU2191383,ONE,Chemicals,2026-04-24,2026-04-25,3,75
HPLU7058222,Hapag-Lloyd,Perishables,2026-01-17,2026-01-18,3,75
CMXU8060918,CMA CGM,Perishables,2026-03-11,2026-03-12,3,75
MSKU8902314,Maersk,Automotive,2026-01-03,2026-01-05,3,75
ONEU2133008,ONE,Automotive,2026-02-03,2026-02-05,3,75
MSKU1668183,Maersk,Automotive,2026-04-12,2026-04-13,3,75
CMXU9499515,CMA CGM,Perishables,2026-03-22,2026-03-25,3,75
ONEU7969792,ONE,Retail,2026-03-31,2026-04-02,3,75
CMXU2382909,CMA CGM,Chemicals,2026-03-10,2026-03-13,3,75
ONEU3561552,ONE,Perishables,2026-01-11,2026-01-13,3,75
MSCU2325761,MSC,Chemicals,2026-04-28,2026-04-30,3,75
MSKU3606795,Maersk,Chemicals,2026-02-11,2026-02-13,3,75
CMXU2109227,CMA CGM,Perishables,2026-03-31,2026-04-01,3,75
CMXU5003671,CMA CGM,Automotive,2026-02-01,2026-02-02,3,75
HPLU8289425,Hapag-Lloyd,Automotive,2026-02-28,2026-03-04,3,75
ONEU1923227,ONE,Perishables,2026-03-27,2026-04-01,3,75
MSKU3003921,Maersk,Automotive,2026-04-01,2026-04-03,3,75
MSKU1190431,Maersk,Electronics,2026-03-05,2026-03-06,3,75
MSCU9774573,MSC,Chemicals,2026-04-11,2026-04-13,3,75
MSCU3801173,MSC,Perishables,2026-01-17,2026-01-19,3,75
MSCU2980663,MSC,Automotive,2026-02-12,2026-02-13,3,75
CMXU5563077,CMA CGM,Chemicals,2026-01-09,2026-01-10,3,75
MSCU2293020,MSC,Retail,2026-02-28,2026-03-03,3,75
ONEU7041876,ONE,Automotive,2026-03-05,2026-03-08,3,75
ONEU3799805,ONE,Perishables,2026-01-21,2026-01-22,3,75
MSCU2726457,MSC,Chemicals,2026-03-28,2026-03-29,3,75
HPLU4831990,Hapag-Lloyd,Chemicals,2026-01-01,2026-01-02,3,75
HPLU1206159,Hapag-Lloyd,Electronics,2026-01-06,2026-01-09,3,75
CMXU7106512,CMA CGM,Retail,2026-04-28,2026-04-29,3,75
MSKU4002466,Maersk,Automotive,2026-03-12,2026-03-13,3,75
CMXU4766741,CMA CGM,Perishables,2026-02-01,2026-02-04,3,75
CMXU6367620,CMA CGM,Perishables,2026-04-16,2026-04-17,3,75
HPLU7254683,Hapag-Lloyd,Automotive,2026-03-06,2026-03-09,3,75
HPLU4008898,Hapag-Lloyd,Electronics,2026-04-13,2026-04-14,3,75
ONEU1770553,ONE,Retail,2026-01-09,2026-01-10,3,75
CMXU5736323,CMA CGM,Perishables,2026-02-11,2026-02-12,3,75
HPLU8662929,Hapag-Lloyd,Automotive,2026-02-17,2026-02-20,3,75
MSKU5892153,Maersk,Chemicals,2026-04-11,2026-04-15,3,75
MSCU5069884,MSC,Retail,2026-02-17,2026-02-21,3,75
ONEU9277218,ONE,Electronics,2026-04-04,2026-04-06,3,75
ONEU5112546,ONE,Electronics,2026-01-01,2026-01-04,3,75
CMXU1401147,CMA CGM,Electronics,2026-03-11,2026-03-13,3,75
MSCU1160974,MSC,Perishables,2026-01-01,2026-01-02,3,75
CMXU6159172,CMA CGM,Automotive,2026-01-27,2026-02-02,3,75
ONEU4995789,ONE,Retail,2026-03-04,2026-03-05,3,75
HPLU3388630,Hapag-Lloyd,Perishables,2026-01-12,2026-01-13,3,75
HPLU4883465,Hapag-Lloyd,Chemicals,2026-02-22,2026-02-23,3,75
MSCU8691649,MSC,Automotive,2026-03-16,2026-03-17,3,75
HPLU9479670,Hapag-Lloyd,Electronics,2026-03-23,2026-03-24,3,75
CMXU2255447,CMA CGM,Chemicals,2026-03-14,2026-03-17,3,75
HPLU8297801,Hapag-Lloyd,Electronics,2026-01-31,2026-02-02,3,75
MSCU5378701,MSC,Perishables,2026-04-29,2026-05-03,3,75
CMXU6473593,CMA CGM,Perishables,2026-02-27,2026-03-02,3,75
MSCU4919346,MSC,Automotive,2026-05-01,2026-05-02,3,75
MSKU3283577,Maersk,Chemicals,2026-01-14,2026-01-15,3,75
MSKU2772642,Maersk,Electronics,2026-02-27,2026-03-01,3,75
CMXU6268604,CMA CGM,Retail,2026-01-16,2026-01-19,3,75
ONEU7011065,ONE,Electronics,2026-02-27,2026-02-28,3,75
MSCU8773665,MSC,Perishables,2026-04-20,2026-04-22,3,75
HPLU2517010,Hapag-Lloyd,Electronics,2026-04-14,2026-04-16,3,75
MSCU1676621,MSC,Electronics,2026-04-17,2026-04-19,3,75
MSCU3488460,MSC,Automotive,2026-04-02,2026-04-04,3,75
MSKU6968373,Maersk,Retail,2026-03-07,2026-03-08,3,75
HPLU6013715,Hapag-Lloyd,Perishables,2026-04-15,2026-04-20,3,75
MSKU1521470,Maersk,Retail,2026-04-20,2026-04-23,3,75
CMXU5191831,CMA CGM,Automotive,2026-03-01,2026-03-02,3,75
HPLU3345338,Hapag-Lloyd,Automotive,2026-01-02,2026-01-06,3,75
HPLU4729376,Hapag-Lloyd,Electronics,2026-01-26,2026-01-28,3,75
CMXU7245146,CMA CGM,Automotive,2026-03-16,2026-03-22,3,75
ONEU5342289,ONE,Automotive,2026-01-03,2026-01-06,3,75
HPLU4317700,Hapag-Lloyd,Retail,2026-04-14,2026-04-16,3,75
MSKU2543145,Maersk,Perishables,2026-01-16,2026-01-17,3,75
HPLU8734211,Hapag-Lloyd,Automotive,2026-01-22,2026-01-23,3,75
ONEU8267158,ONE,Retail,2026-03-05,2026-03-07,3,75
HPLU7421134,Hapag-Lloyd,Retail,2026-01-23,2026-01-25,3,75
MSCU4602338,MSC,Electronics,2026-02-05,2026-02-06,3,75
MSCU8482830,MSC,Electronics,2026-01-05,2026-01-06,3,75
ONEU5123584,ONE,Perishables,2026-03-05,2026-03-08,3,75
CMXU9036805,CMA CGM,Automotive,2026-01-12,2026-01-22,3,75
MSCU7425930,MSC,Electronics,2026-02-23,2026-02-25,3,75
MSKU9821696,Maersk,Electronics,2026-03-22,2026-03-23,3,75
ONEU1327658,ONE,Retail,2026-04-11,2026-04-12,3,75
MSCU9047769,MSC,Chemicals,2026-04-11,2026-04-12,3,75
CMXU6771934,CMA CGM,Chemicals,2026-03-06,2026-03-12,3,75
MSCU7515956,MSC,Perishables,2026-01-24,2026-01-25,3,75
HPLU6349877,Hapag-Lloyd,Chemicals,2026-01-29,2026-01-31,3,75
HPLU5713268,Hapag-Lloyd,Automotive,2026-04-14,2026-04-15,3,75
CMXU9882399,CMA CGM,Perishables,2026-04-09,2026-04-11,3,75
ONEU4905100,ONE,Electronics,2026-01-13,2026-01-16,3,75
MSKU5045872,Maersk,Perishables,2026-03-10,2026-03-13,3,75
HPLU4681115,Hapag-Lloyd,Chemicals,2026-04-19,2026-04-20,3,75
CMXU6952633,CMA CGM,Electronics,2026-01-23,2026-01-24,3,75
MSKU6335227,Maersk,Perishables,2026-04-27,2026-04-28,3,75
ONEU1473227,ONE,Perishables,2026-03-14,2026-03-18,3,75
ONEU3384080,ONE,Chemicals,2026-01-25,2026-01-29,3,75
CMXU6185050,CMA CGM,Electronics,2026-03-04,2026-03-07,3,75
HPLU2514267,Hapag-Lloyd,Automotive,2026-01-30,2026-02-01,3,75
ONEU4671004,ONE,Automotive,2026-03-09,2026-03-12,3,75
CMXU1011467,CMA CGM,Perishables,2026-04-28,2026-04-29,3,75
ONEU4380011,ONE,Electronics,2026-02-13,2026-02-17,3,75
MSKU6428919,Maersk,Automotive,2026-01-03,2026-01-05,3,75
MSKU3376537,Maersk,Automotive,2026-04-19,2026-04-21,3,75
ONEU7121835,ONE,Automotive,2026-02-17,2026-02-19,3,75
CMXU2695038,CMA CGM,Perishables,2026-02-08,2026-02-09,3,75
MSCU3289279,MSC,Electronics,2026-04-04,2026-04-05,3,75
CMXU9173859,CMA CGM,Perishables,2026-01-23,2026-01-26,3,75
ONEU6986539,ONE,Electronics,2026-03-27,2026-03-28,3,75
ONEU3941912,ONE,Retail,2026-02-09,2026-02-11,3,75
MSCU3136551,MSC,Electronics,2026-04-04,2026-04-05,3,75
HPLU7569981,Hapag-Lloyd,Chemicals,2026-01-05,2026-01-07,3,75
MSKU6338793,Maersk,Chemicals,2026-01-29,2026-01-30,3,75
ONEU2746679,ONE,Retail,2026-01-19,2026-01-21,3,75
MSCU2305378,MSC,Electronics,2026-02-14,2026-02-17,3,75
MSCU3816683,MSC,Automotive,2026-04-16,2026-04-17,3,75
MSCU8493206,MSC,Automotive,2026-02-03,2026-02-05,3,75
MSKU5186600,Maersk,Automotive,2026-02-14,2026-02-16,3,75
MSCU2812519,MSC,Automotive,2026-01-07,2026-01-10,3,75
CMXU8352113,CMA CGM,Retail,2026-01-22,2026-01-30,3,75
CMXU9272543,CMA CGM,Retail,2026-02-14,2026-02-18,3,75
ONEU7297287,ONE,Automotive,2026-04-17,2026-04-18,3,75
CMXU4784650,CMA CGM,Electronics,2026-02-27,2026-02-28,3,75
HPLU1560573,Hapag-Lloyd,Perishables,2026-01-03,2026-01-04,3,75
MSCU5380995,MSC,Automotive,2026-01-10,2026-01-12,3,75
MSCU3853891,MSC,Retail,2026-01-21,2026-01-22,3,75
HPLU2562037,Hapag-Lloyd,Perishables,2026-03-18,2026-03-20,3,75
ONEU9098979,ONE,Automotive,2026-02-25,2026-02-27,3,75
MSKU8284673,Maersk,Electronics,2026-01-07,2026-01-08,3,75
HPLU6554845,Hapag-Lloyd,Electronics,2026-01-25,2026-01-28,3,75
CMXU5450404,CMA CGM,Perishables,2026-02-08,2026-02-09,3,75
MSKU2609202,Maersk,Automotive,2026-02-20,2026-02-21,3,75
ONEU9236745,ONE,Electronics,2026-01-07,2026-01-10,3,75
MSCU1064014,MSC,Retail,2026-01-12,2026-01-14,3,75
MSCU9058573,MSC,Electronics,2026-01-13,2026-01-16,3,75
HPLU4472094,Hapag-Lloyd,Electronics,2026-03-23,2026-03-25,3,75
MSCU2374659,MSC,Retail,2026-04-19,2026-04-20,3,75
HPLU6173311,Hapag-Lloyd,Retail,2026-03-02,2026-03-05,3,75
CMXU5446036,CMA CGM,Automotive,2026-03-24,2026-03-29,3,75
ONEU7501626,ONE,Electronics,2026-02-17,2026-02-20,3,75
CMXU7197531,CMA CGM,Electronics,2026-02-27,2026-03-01,3,75
HPLU5417373,Hapag-Lloyd,Retail,2026-03-01,2026-03-03,3,75
MSCU4795715,MSC,Perishables,2026-03-14,2026-03-15,3,75
HPLU3535551,Hapag-Lloyd,Automotive,2026-01-11,2026-01-12,3,75
MSCU7945543,MSC,Chemicals,2026-01-30,2026-02-03,3,75
ONEU2023137,ONE,Retail,2026-04-15,2026-04-16,3,75
ONEU8023480,ONE,Chemicals,2026-03-29,2026-04-03,3,75
CMXU4953417,CMA CGM,Retail,2026-02-08,2026-02-11,3,75
HPLU7623718,Hapag-Lloyd,Automotive,2026-03-06,2026-03-07,3,75
ONEU9670757,ONE,Chemicals,2026-03-28,2026-03-30,3,75
ONEU3473761,ONE,Automotive,2026-04-07,2026-04-11,3,75
CMXU3900427,CMA CGM,Electronics,2026-01-28,2026-02-01,3,75
MSKU3117049,Maersk,Automotive,2026-02-24,2026-02-27,3,75
HPLU8304686,Hapag-Lloyd,Electronics,2026-04-16,2026-04-19,3,75
MSKU5326615,Maersk,Perishables,2026-04-27,2026-04-29,3,75
HPLU2460078,Hapag-Lloyd,Retail,2026-03-13,2026-03-17,3,75
CMXU6471499,CMA CGM,Perishables,2026-03-08,2026-03-09,3,75
CMXU1207430,CMA CGM,Chemicals,2026-03-17,2026-03-20,3,75
ONEU8039616,ONE,Automotive,2026-02-23,2026-02-24,3,75
MSKU3486379,Maersk,Chemicals,2026-03-17,2026-03-23,3,75
ONEU2681144,ONE,Automotive,2026-03-14,2026-03-19,3,75
HPLU5799841,Hapag-Lloyd,Chemicals,2026-04-23,2026-04-24,3,75
MSCU7893590,MSC,Perishables,2026-02-19,2026-02-22,3,75
CMXU8936405,CMA CGM,Automotive,2026-01-23,2026-01-29,3,75
MSCU7760781,MSC,Electronics,2026-03-21,2026-03-22,3,75
ONEU7739741,ONE,Automotive,2026-02-20,2026-02-22,3,75
MSCU4985919,MSC,Automotive,2026-04-06,2026-04-10,3,75
CMXU5506097,CMA CGM,Perishables,2026-01-03,2026-01-04,3,75
MSCU6084418,MSC,Perishables,2026-02-05,2026-02-07,3,75
CMXU2647814,CMA CGM,Electronics,2026-01-18,2026-01-20,3,75
MSCU8434162,MSC,Perishables,2026-02-04,2026-02-08,3,75
CMXU2497984,CMA CGM,Electronics,2026-02-26,2026-03-08,3,75
MSKU7831185,Maersk,Retail,2026-04-08,2026-04-13,3,75
ONEU7273172,ONE,Automotive,2026-03-07,2026-03-09,3,75
MSKU2100870,Maersk,Perishables,2026-04-01,2026-04-05,3,75
ONEU7767679,ONE,Electronics,2026-04-10,2026-04-14,3,75
ONEU1485669,ONE,Electronics,2026-01-25,2026-01-26,3,75
MSKU1966829,Maersk,Electronics,2026-01-05,2026-01-08,3,75
CMXU1848243,CMA CGM,Perishables,2026-04-01,2026-04-02,3,75
MSKU5596579,Maersk,Perishables,2026-04-16,2026-04-18,3,75
CMXU9474614,CMA CGM,Retail,2026-03-23,2026-03-25,3,75
HPLU1512765,Hapag-Lloyd,Electronics,2026-02-17,2026-02-18,3,75
CMXU8484373,CMA CGM,Electronics,2026-04-22,2026-04-23,3,75
CMXU6867997,CMA CGM,Perishables,2026-01-21,2026-01-23,3,75
MSCU2516524,MSC,Perishables,2026-01-04,2026-01-05,3,75
CMXU1833006,CMA CGM,Electronics,2026-04-20,2026-04-24,3,75
ONEU4595669,ONE,Electronics,2026-03-24,2026-03-25,3,75
MSKU4468370,Maersk,Perishables,2026-03-25,2026-03-26,3,75
CMXU9611430,CMA CGM,Automotive,2026-04-21,2026-04-24,3,75
HPLU8954031,Hapag-Lloyd,Electronics,2026-03-24,2026-03-27,3,75
MSKU1141997,Maersk,Electronics,2026-02-02,2026-02-03,3,75
ONEU6124763,ONE,Perishables,2026-02-24,2026-02-26,3,75
CMXU6850369,CMA CGM,Retail,2026-02-02,2026-02-08,3,75
MSKU8829893,Maersk,Perishables,2026-03-28,2026-03-30,3,75
ONEU7663113,ONE,Chemicals,2026-01-14,2026-01-15,3,75
HPLU9581776,Hapag-Lloyd,Perishables,2026-03-13,2026-03-14,3,75
ONEU5742531,ONE,Perishables,2026-03-29,2026-04-02,3,75
HPLU9082229,Hapag-Lloyd,Automotive,2026-02-13,2026-02-14,3,75
MSCU6454894,MSC,Perishables,2026-02-03,2026-02-07,3,75
MSCU4160157,MSC,Electronics,2026-03-08,2026-03-10,3,75
MSKU1952520,Maersk,Chemicals,2026-02-21,2026-02-26,3,75
MSCU3347627,MSC,Automotive,2026-03-25,2026-03-28,3,75
CMXU5959422,CMA CGM,Perishables,2026-04-27,2026-05-04,3,75
CMXU7788043,CMA CGM,Retail,2026-04-05,2026-04-07,3,75
HPLU4186247,Hapag-Lloyd,Perishables,2026-04-03,2026-04-06,3,75
MSKU9969688,Maersk,Retail,2026-04-27,2026-04-29,3,75
MSCU9511330,MSC,Perishables,2026-04-19,2026-04-21,3,75
MSKU4038955,Maersk,Perishables,2026-01-13,2026-01-15,3,75
CMXU3146546,CMA CGM,Perishables,2026-04-03,2026-04-07,3,75
ONEU4071377,ONE,Perishables,2026-03-25,2026-04-01,3,75
HPLU4728795,Hapag-Lloyd,Perishables,2026-01-29,2026-02-01,3,75
MSCU8054359,MSC,Perishables,2026-02-17,2026-02-19,3,75
MSCU5933359,MSC,Retail,2026-04-19,2026-04-21,3,75
HPLU8894293,Hapag-Lloyd,Automotive,2026-04-21,2026-04-24,3,75
ONEU2194801,ONE,Retail,2026-04-24,2026-04-25,3,75
MSKU9396617,Maersk,Automotive,2026-04-22,2026-04-23,3,75
CMXU9889215,CMA CGM,Perishables,2026-02-22,2026-02-23,3,75
HPLU3529642,Hapag-Lloyd,Electronics,2026-01-26,2026-01-27,3,75
MSCU7865099,MSC,Chemicals,2026-04-25,2026-04-26,3,75
CMXU3402902,CMA CGM,Perishables,2026-04-21,2026-04-22,3,75
MSKU2355791,Maersk,Retail,2026-02-12,2026-02-13,3,75
MSKU6258215,Maersk,Automotive,2026-01-01,2026-01-02,3,75
CMXU5589036,CMA CGM,Electronics,2026-04-08,2026-04-18,3,75
MSKU3658100,Maersk,Retail,2026-04-11,2026-04-13,3,75
HPLU3171071,Hapag-Lloyd,Chemicals,2026-02-25,2026-02-27,3,75
CMXU7767819,CMA CGM,Retail,2026-03-03,2026-03-07,3,75
CMXU1078335,CMA CGM,Automotive,2026-03-10,2026-03-12,3,75
MSKU7259602,Maersk,Automotive,2026-04-25,2026-04-30,3,75
MSCU9909268,MSC,Electronics,2026-01-03,2026-01-06,3,75
HPLU5174559,Hapag-Lloyd,Electronics,2026-03-30,2026-03-31,3,75
MSCU6236039,MSC,Electronics,2026-01-14,2026-01-16,3,75
CMXU9444584,CMA CGM,Chemicals,2026-02-09,2026-02-15,3,75
MSKU2095334,Maersk,Automotive,2026-02-08,2026-02-13,3,75
MSCU8649174,MSC,Chemicals,2026-03-18,2026-03-20,3,75
ONEU6667933,ONE,Retail,2026-04-24,2026-04-26,3,75
MSKU6750102,Maersk,Retail,2026-02-15,2026-02-16,3,75
MSKU3766286,Maersk,Retail,2026-01-03,2026-01-09,3,75
MSKU4763487,Maersk,Electronics,2026-01-28,2026-01-29,3,75
HPLU9466346,Hapag-Lloyd,Electronics,2026-01-16,2026-01-21,3,75
MSCU1626854,MSC,Retail,2026-04-23,2026-04-25,3,75
MSCU9971338,MSC,Chemicals,2026-01-07,2026-01-09,3,75
ONEU1804641,ONE,Automotive,2026-03-25,2026-03-27,3,75
HPLU1809249,Hapag-Lloyd,Automotive,2026-02-23,2026-02-24,3,75
CMXU7379599,CMA CGM,Automotive,2026-03-12,2026-03-13,3,75
MSCU8959049,MSC,Electronics,2026-01-27,2026-01-28,3,75
HPLU6051895,Hapag-Lloyd,Retail,2026-03-26,2026-03-27,3,75
HPLU9729340,Hapag-Lloyd,Perishables,2026-03-21,2026-03-24,3,75
ONEU3301222,ONE,Retail,2026-04-17,2026-04-19,3,75
HPLU9582968,Hapag-Lloyd,Chemicals,2026-01-16,2026-01-17,3,75
MSCU2912813,MSC,Automotive,2026-03-05,2026-03-10,3,75
MSKU4351238,Maersk,Perishables,2026-04-17,2026-04-21,3,75
ONEU4383514,ONE,Perishables,2026-04-01,2026-04-05,3,75
CMXU5955170,CMA CGM,Electronics,2026-01-06,2026-01-16,3,75
ONEU9327450,ONE,Electronics,2026-03-30,2026-03-31,3,75
CMXU6546608,CMA CGM,Electronics,2026-01-01,2026-01-03,3,75
HPLU2493219,Hapag-Lloyd,Automotive,2026-04-17,2026-04-20,3,75
ONEU9289690,ONE,Electronics,2026-01-12,2026-01-15,3,75
ONEU2259100,ONE,Automotive,2026-04-26,2026-04-27,3,75
MSCU4878226,MSC,Retail,2026-02-07,2026-02-10,3,75
MSCU8789281,MSC,Automotive,2026-01-13,2026-01-14,3,75
MSKU1661769,Maersk,Perishables,2026-02-16,2026-02-17,3,75
MSCU8147013,MSC,Automotive,2026-01-13,2026-01-15,3,75
HPLU1162274,Hapag-Lloyd,Electronics,2026-03-26,2026-03-28,3,75
MSKU6514013,Maersk,Perishables,2026-04-25,2026-04-27,3,75
CMXU5501484,CMA CGM,Automotive,2026-02-17,2026-02-18,3,75
MSCU4068039,MSC,Automotive,2026-02-21,2026-02-25,3,75
CMXU8659448,CMA CGM,Perishables,2026-04-17,2026-04-18,3,75
CMXU9023619,CMA CGM,Retail,2026-03-25,2026-03-26,3,75
MSKU2896774,Maersk,Electronics,2026-03-31,2026-04-04,3,75
HPLU3674211,Hapag-Lloyd,Automotive,2026-02-23,2026-02-28,3,75
ONEU9097940,ONE,Chemicals,2026-03-28,2026-04-01,3,75
CMXU4041047,CMA CGM,Chemicals,2026-02-18,2026-02-23,3,75
MSCU1483456,MSC,Electronics,2026-03-03,2026-03-06,3,75
CMXU2894776,CMA CGM,Retail,2026-02-26,2026-03-01,3,75
HPLU2062602,Hapag-Lloyd,Perishables,2026-03-25,2026-03-26,3,75
MSCU1207369,MSC,Chemicals,2026-04-09,2026-04-11,3,75
ONEU4757843,ONE,Perishables,2026-03-08,2026-03-09,3,75
ONEU2597897,ONE,Retail,2026-03-26,2026-03-27,3,75
MSKU9085438,Maersk,Perishables,2026-03-26,2026-03-29,3,75
CMXU3494007,CMA CGM,Chemicals,2026-04-25,2026-04-28,3,75
ONEU1915467,ONE,Automotive,2026-03-24,2026-03-25,3,75
MSKU9482016,Maersk,Retail,2026-04-20,2026-04-21,3,75
CMXU3775016,CMA CGM,Automotive,2026-04-07,2026-04-11,3,75
CMXU6379342,CMA CGM,Electronics,2026-02-12,2026-02-13,3,75
MSCU1844744,MSC,Chemicals,2026-01-29,2026-02-02,3,75
ONEU7352484,ONE,Retail,2026-04-15,2026-04-17,3,75
MSKU2322557,Maersk,Retail,2026-02-26,2026-02-28,3,75
ONEU8517846,ONE,Automotive,2026-04-20,2026-04-22,3,75
CMXU8500558,CMA CGM,Perishables,2026-01-16,2026-01-19,3,75
CMXU1298116,CMA CGM,Automotive,2026-02-21,2026-02-23,3,75
CMXU1601160,CMA CGM,Chemicals,2026-03-12,2026-03-16,3,75
HPLU2524974,Hapag-Lloyd,Chemicals,2026-03-21,2026-03-23,3,75
MSCU9528492,MSC,Chemicals,2026-01-27,2026-01-28,3,75
CMXU6718584,CMA CGM,Perishables,2026-04-16,2026-04-20,3,75
HPLU4739945,Hapag-Lloyd,Retail,2026-02-12,2026-02-15,3,75
ONEU8937865,ONE,Perishables,2026-04-02,2026-04-04,3,75
CMXU2912994,CMA CGM,Automotive,2026-04-08,2026-04-14,3,75
MSKU1036858,Maersk,Perishables,2026-02-15,2026-02-19,3,75
MSCU9757456,MSC,Perishables,2026-03-31,2026-04-03,3,75
HPLU1768029,Hapag-Lloyd,Electronics,2026-03-05,2026-03-09,3,75
MSKU7865417,Maersk,Automotive,2026-02-02,2026-02-05,3,75
ONEU4287016,ONE,Electronics,2026-01-16,2026-01-19,3,75
CMXU4616991,CMA CGM,Retail,2026-04-16,2026-04-20,3,75
MSKU6669584,Maersk,Automotive,2026-04-07,2026-04-10,3,75
CMXU1780146,CMA CGM,Chemicals,2026-01-16,2026-01-17,3,75
CMXU8673695,CMA CGM,Chemicals,2026-03-06,2026-03-12,3,75
MSKU9368955,Maersk,Automotive,2026-03-09,2026-03-13,3,75
HPLU8261353,Hapag-Lloyd,Chemicals,2026-03-03,2026-03-04,3,75
ONEU3972963,ONE,Chemicals,2026-01-23,2026-01-26,3,75
MSKU2737347,Maersk,Retail,2026-03-26,2026-03-27,3,75
ONEU6399642,ONE,Chemicals,2026-04-23,2026-04-24,3,75
CMXU8024028,CMA CGM,Chemicals,2026-04-28,2026-05-02,3,75
MSKU5590177,Maersk,Retail,2026-02-13,2026-02-14,3,75
MSCU8597490,MSC,Electronics,2026-01-18,2026-01-21,3,75
CMXU9594877,CMA CGM,Perishables,2026-04-18,2026-04-21,3,75
ONEU6266549,ONE,Chemicals,2026-03-22,2026-03-24,3,75
MSKU4370359,Maersk,Electronics,2026-03-21,2026-03-22,3,75
MSCU6793064,MSC,Electronics,2026-04-01,2026-04-02,3,75
MSKU9453929,Maersk,Chemicals,2026-03-30,2026-04-01,3,75
MSCU2936178,MSC,Perishables,2026-03-13,2026-03-20,3,75
CMXU8004117,CMA CGM,Chemicals,2026-02-06,2026-02-10,3,75
CMXU1214253,CMA CGM,Chemicals,2026-01-14,2026-01-16,3,75
HPLU7389943,Hapag-Lloyd,Electronics,2026-01-07,2026-01-09,3,75
HPLU4353806,Hapag-Lloyd,Perishables,2026-04-07,2026-04-09,3,75
MSKU5808610,Maersk,Perishables,2026-01-19,2026-01-22,3,75
HPLU5951637,Hapag-Lloyd,Electronics,2026-04-07,2026-04-08,3,75
ONEU1542011,ONE,Perishables,2026-04-15,2026-04-18,3,75
CMXU2719329,CMA CGM,Chemicals,2026-04-22,2026-04-25,3,75
ONEU4763253,ONE,Chemicals,2026-02-19,2026-02-24,3,75
MSKU9571853,Maersk,Perishables,2026-03-30,2026-03-31,3,75
HPLU7401894,Hapag-Lloyd,Retail,2026-02-23,2026-02-25,3,75
MSCU1902651,MSC,Automotive,2026-04-06,2026-04-11,3,75
MSCU4407238,MSC,Chemicals,2026-04-22,2026-04-23,3,75
CMXU4784075,CMA CGM,Perishables,2026-04-07,2026-04-12,3,75
ONEU4296204,ONE,Electronics,2026-02-07,2026-02-10,3,75
CMXU3976712,CMA CGM,Automotive,2026-01-24,2026-01-25,3,75
MSKU9620919,Maersk,Automotive,2026-02-18,2026-02-19,3,75
HPLU8189168,Hapag-Lloyd,Perishables,2026-03-13,2026-03-16,3,75
MSCU3182154,MSC,Electronics,2026-03-16,2026-03-17,3,75
MSCU1094709,MSC,Perishables,2026-03-01,2026-03-03,3,75
MSKU1670091,Maersk,Electronics,2026-04-29,2026-04-30,3,75
MSCU1853212,MSC,Chemicals,2026-04-18,2026-04-20,3,75
MSCU9230079,MSC,Chemicals,2026-03-12,2026-03-13,3,75
MSCU2222736,MSC,Perishables,2026-03-09,2026-03-13,3,75
MSKU4084811,Maersk,Chemicals,2026-01-09,2026-01-14,3,75
ONEU3673793,ONE,Retail,2026-03-11,2026-03-16,3,75
ONEU7768215,ONE,Automotive,2026-02-14,2026-02-17,3,75
MSKU4579482,Maersk,Perishables,2026-02-12,2026-02-13,3,75
MSCU5925360,MSC,Electronics,2026-04-07,2026-04-10,3,75
ONEU9900294,ONE,Retail,2026-03-13,2026-03-14,3,75
HPLU2924714,Hapag-Lloyd,Perishables,2026-02-27,2026-02-28,3,75
MSKU5090740,Maersk,Automotive,2026-03-29,2026-03-30,3,75
MSCU7398370,MSC,Automotive,2026-02-19,2026-02-21,3,75
MSCU5745083,MSC,Automotive,2026-04-27,2026-04-30,3,75
ONEU7290752,ONE,Chemicals,2026-04-13,2026-04-16,3,75
ONEU8475204,ONE,Retail,2026-01-06,2026-01-08,3,75
MSCU4229821,MSC,Perishables,2026-03-07,2026-03-08,3,75
HPLU2609881,Hapag-Lloyd,Electronics,2026-04-09,2026-04-15,3,75
ONEU9945709,ONE,Automotive,2026-03-22,2026-03-24,3,75
HPLU4536326,Hapag-Lloyd,Electronics,2026-04-21,2026-04-23,3,75
CMXU2743602,CMA CGM,Electronics,2026-03-10,2026-03-11,3,75
CMXU2209981,CMA CGM,Electronics,2026-01-04,2026-01-09,3,75
CMXU6565260,CMA CGM,Automotive,2026-01-12,2026-01-16,3,75
HPLU1910467,Hapag-Lloyd,Electronics,2026-04-12,2026-04-13,3,75
MSCU2181822,MSC,Chemicals,2026-04-16,2026-04-17,3,75
MSKU5339392,Maersk,Retail,2026-02-19,2026-02-22,3,75
CMXU7785511,CMA CGM,Retail,2026-02-10,2026-02-14,3,75
HPLU7534756,Hapag-Lloyd,Automotive,2026-03-10,2026-03-11,3,75
HPLU2060950,Hapag-Lloyd,Chemicals,2026-01-06,2026-01-11,3,75
HPLU7001212,Hapag-Lloyd,Chemicals,2026-01-14,2026-01-15,3,75
MSCU6055825,MSC,Chemicals,2026-01-12,2026-01-14,3,75
MSCU8342987,MSC,Retail,2026-02-20,2026-02-25,3,75
HPLU8952193,Hapag-Lloyd,Electronics,2026-03-10,2026-03-12,3,75
MSKU3288101,Maersk,Retail,2026-04-12,2026-04-14,3,75
ONEU5948917,ONE,Electronics,2026-02-08,2026-02-10,3,75
MSCU1187069,MSC,Chemicals,2026-04-22,2026-04-23,3,75
ONEU3371859,ONE,Automotive,2026-01-06,2026-01-12,3,75
HPLU7611593,Hapag-Lloyd,Chemicals,2026-03-12,2026-03-14,3,75
HPLU6111869,Hapag-Lloyd,Electronics,2026-04-06,2026-04-10,3,75
MSCU4552356,MSC,Retail,2026-04-26,2026-04-27,3,75
ONEU3390000,ONE,Electronics,2026-01-24,2026-01-25,3,75
MSKU5240303,Maersk,Electronics,2026-01-15,2026-01-16,3,75
MSKU1912484,Maersk,Chemicals,2026-03-01,2026-03-04,3,75
ONEU2227162,ONE,Perishables,2026-03-27,2026-03-28,3,75
HPLU5205840,Hapag-Lloyd,Automotive,2026-01-26,2026-01-30,3,75
ONEU9173698,ONE,Perishables,2026-02-15,2026-02-17,3,75
MSKU4934808,Maersk,Automotive,2026-02-06,2026-02-11,3,75
ONEU2171198,ONE,Electronics,2026-02-10,2026-02-11,3,75
CMXU8560584,CMA CGM,Perishables,2026-03-20,2026-03-24,3,75
MSCU3556763,MSC,Chemicals,2026-03-14,2026-03-17,3,75
MSCU6307189,MSC,Retail,2026-01-22,2026-01-25,3,75
HPLU6254872,Hapag-Lloyd,Electronics,2026-04-11,2026-04-15,3,75
MSKU8316947,Maersk,Perishables,2026-04-18,2026-04-21,3,75
MSCU3253277,MSC,Perishables,2026-04-23,2026-04-25,3,75
CMXU8765307,CMA CGM,Retail,2026-02-15,2026-02-16,3,75
MSCU9170024,MSC,Chemicals,2026-01-14,2026-01-15,3,75
MSKU2375290,Maersk,Perishables,2026-04-20,2026-04-24,3,75
MSKU4295580,Maersk,Perishables,2026-04-04,2026-04-06,3,75
HPLU2265001,Hapag-Lloyd,Automotive,2026-04-19,2026-04-22,3,75
ONEU1523352,ONE,Chemicals,2026-03-16,2026-03-18,3,75
CMXU4569531,CMA CGM,Automotive,2026-03-12,2026-03-13,3,75
MSCU8920589,MSC,Electronics,2026-02-16,2026-02-17,3,75
CMXU4746463,CMA CGM,Chemicals,2026-04-04,2026-04-08,3,75
MSCU3246154,MSC,Retail,2026-03-06,2026-03-08,3,75
ONEU2519244,ONE,Retail,2026-02-16,2026-02-17,3,75
ONEU1177698,ONE,Electronics,2026-04-19,2026-04-21,3,75
ONEU3782393,ONE,Chemicals,2026-01-18,2026-01-19,3,75
CMXU3671308,CMA CGM,Electronics,2026-03-14,2026-03-17,3,75
ONEU3452813,ONE,Retail,2026-05-01,2026-05-02,3,75
MSCU1678132,MSC,Electronics,2026-04-08,2026-04-11,3,75
CMXU4888118,CMA CGM,Automotive,2026-02-03,2026-02-05,3,75
MSCU4926181,MSC,Automotive,2026-03-27,2026-03-29,3,75
MSKU9688672,Maersk,Perishables,2026-02-19,2026-02-20,3,75
CMXU8627651,CMA CGM,Automotive,2026-01-06,2026-01-07,3,75
MSCU2731828,MSC,Chemicals,2026-03-23,2026-03-25,3,75
MSCU5417710,MSC,Chemicals,2026-03-11,2026-03-13,3,75
ONEU3916715,ONE,Retail,2026-03-25,2026-03-27,3,75
CMXU7128662,CMA CGM,Chemicals,2026-03-25,2026-03-27,3,75
HPLU9668165,Hapag-Lloyd,Perishables,2026-02-18,2026-02-20,3,75
MSKU9663280,Maersk,Retail,2026-02-15,2026-02-19,3,75
MSCU9168181,MSC,Retail,2026-04-24,2026-04-27,3,75
ONEU1110690,ONE,Chemicals,2026-04-23,2026-04-24,3,75
MSKU8380275,Maersk,Electronics,2026-01-30,2026-02-01,3,75
HPLU9632570,Hapag-Lloyd,Perishables,2026-01-28,2026-01-29,3,75
MSKU4135756,Maersk,Electronics,2026-02-16,2026-02-17,3,75
ONEU2985251,ONE,Electronics,2026-02-23,2026-03-01,3,75
MSCU2901507,MSC,Retail,2026-03-28,2026-03-29,3,75
CMXU9036641,CMA CGM,Electronics,2026-03-17,2026-03-20,3,75
MSKU7893744,Maersk,Automotive,2026-02-01,2026-02-03,3,75
HPLU3145556,Hapag-Lloyd,Chemicals,2026-03-17,2026-03-20,3,75
MSKU3260294,Maersk,Chemicals,2026-01-06,2026-01-08,3,75
ONEU3463987,ONE,Automotive,2026-01-22,2026-01-23,3,75
MSCU4020528,MSC,Chemicals,2026-02-21,2026-02-22,3,75
ONEU1312392,ONE,Perishables,2026-01-11,2026-01-13,3,75
MSKU8536381,Maersk,Chemicals,2026-03-02,2026-03-03,3,75
CMXU3861635,CMA CGM,Electronics,2026-04-17,2026-04-19,3,75
CMXU3394312,CMA CGM,Chemicals,2026-04-16,2026-04-17,3,75
MSKU9569884,Maersk,Perishables,2026-01-22,2026-01-23,3,75
MSCU8607966,MSC,Chemicals,2026-03-17,2026-03-19,3,75
HPLU4855635,Hapag-Lloyd,Retail,2026-02-19,2026-02-20,3,75
MSKU2821504,Maersk,Automotive,2026-01-26,2026-01-28,3,75
ONEU9461748,ONE,Retail,2026-04-16,2026-04-19,3,75
MSKU2615622,Maersk,Electronics,2026-03-02,2026-03-05,3,75
ONEU1654924,ONE,Chemicals,2026-03-06,2026-03-07,3,75
HPLU2563468,Hapag-Lloyd,Retail,2026-03-26,2026-03-27,3,75
MSKU1020136,Maersk,Retail,2026-03-08,2026-03-09,3,75
CMXU7213902,CMA CGM,Automotive,2026-03-31,2026-04-04,3,75
ONEU8196691,ONE,Electronics,2026-05-01,2026-05-04,3,75
CMXU7396087,CMA CGM,Perishables,2026-03-17,2026-03-18,3,75
ONEU2639417,ONE,Retail,2026-01-18,2026-01-23,3,75
MSCU9005101,MSC,Electronics,2026-04-27,2026-04-28,3,75
HPLU5752426,Hapag-Lloyd,Chemicals,2026-04-23,2026-04-25,3,75
ONEU7855954,ONE,Perishables,2026-01-25,2026-01-28,3,75
HPLU1119354,Hapag-Lloyd,Chemicals,2026-03-08,2026-03-12,3,75
HPLU9720156,Hapag-Lloyd,Automotive,2026-02-18,2026-02-21,3,75
MSKU6299951,Maersk,Retail,2026-02-16,2026-02-19,3,75
HPLU3596753,Hapag-Lloyd,Retail,2026-03-25,2026-03-26,3,75
ONEU5255251,ONE,Perishables,2026-04-20,2026-04-23,3,75
ONEU8106183,ONE,Chemicals,2026-02-16,2026-02-17,3,75
ONEU5623138,ONE,Retail,2026-04-07,2026-04-11,3,75
MSKU7932818,Maersk,Chemicals,2026-04-11,2026-04-13,3,75
ONEU9094465,ONE,Electronics,2026-02-17,2026-02-20,3,75
ONEU9116148,ONE,Perishables,2026-02-09,2026-02-11,3,75
ONEU6777340,ONE,Retail,2026-04-05,2026-04-07,3,75
MSKU2997927,Maersk,Electronics,2026-02-27,2026-03-01,3,75
MSKU2682396,Maersk,Electronics,2026-03-07,2026-03-10,3,75
CMXU6678044,CMA CGM,Chemicals,2026-03-20,2026-03-21,3,75
HPLU3696736,Hapag-Lloyd,Retail,2026-03-23,2026-03-24,3,75
HPLU2528212,Hapag-Lloyd,Electronics,2026-03-02,2026-03-03,3,75
ONEU8304421,ONE,Automotive,2026-01-09,2026-01-10,3,75
MSCU4720687,MSC,Perishables,2026-01-11,2026-01-15,3,75
ONEU1633429,ONE,Retail,2026-04-30,2026-05-01,3,75
CMXU9741022,CMA CGM,Perishables,2026-04-02,2026-04-07,3,75
ONEU1964069,ONE,Electronics,2026-03-23,2026-03-24,3,75
CMXU8364728,CMA CGM,Automotive,2026-01-26,2026-01-27,3,75
ONEU5798393,ONE,Electronics,2026-01-05,2026-01-08,3,75
ONEU9565571,ONE,Chemicals,2026-03-31,2026-04-03,3,75
MSKU3843451,Maersk,Automotive,2026-02-16,2026-02-18,3,75
MSKU1004819,Maersk,Electronics,2026-01-12,2026-01-14,3,75
MSCU7701385,MSC,Perishables,2026-03-27,2026-03-30,3,75
CMXU7802338,CMA CGM,Chemicals,2026-01-26,2026-01-28,3,75
ONEU1257807,ONE,Automotive,2026-04-28,2026-05-04,3,75
HPLU5773013,Hapag-Lloyd,Chemicals,2026-04-28,2026-05-03,3,75
ONEU6840069,ONE,Perishables,2026-04-15,2026-04-17,3,75
MSCU4796608,MSC,Chemicals,2026-01-25,2026-01-26,3,75
CMXU7777264,CMA CGM,Chemicals,2026-01-01,2026-01-05,3,75
MSCU3936596,MSC,Retail,2026-03-06,2026-03-07,3,75
HPLU2214435,Hapag-Lloyd,Chemicals,2026-02-07,2026-02-08,3,75
MSCU2963085,MSC,Chemicals,2026-02-02,2026-02-03,3,75
ONEU5196677,ONE,Retail,2026-02-18,2026-02-20,3,75
ONEU9113963,ONE,Electronics,2026-04-07,2026-04-11,3,75
MSCU8698199,MSC,Retail,2026-04-25,2026-04-28,3,75
ONEU1458868,ONE,Retail,2026-01-15,2026-01-18,3,75
MSCU2133372,MSC,Retail,2026-03-23,2026-03-25,3,75
MSKU4857587,Maersk,Perishables,2026-02-22,2026-02-23,3,75
MSCU9665502,MSC,Chemicals,2026-01-02,2026-01-04,3,75
MSCU5165071,MSC,Perishables,2026-01-12,2026-01-19,3,75
CMXU6737688,CMA CGM,Automotive,2026-03-12,2026-03-13,3,75
MSKU8995273,Maersk,Perishables,2026-02-15,2026-02-19,3,75
MSKU5514342,Maersk,Electronics,2026-04-06,2026-04-08,3,75
MSKU9371819,Maersk,Electronics,2026-01-31,2026-02-02,3,75
MSKU5452763,Maersk,Electronics,2026-01-30,2026-02-02,3,75
MSKU5189194,Maersk,Chemicals,2026-02-15,2026-02-17,3,75
MSKU2789949,Maersk,Automotive,2026-04-28,2026-05-02,3,75
HPLU9265544,Hapag-Lloyd,Chemicals,2026-01-01,2026-01-05,3,75
ONEU1709057,ONE,Retail,2026-02-17,2026-02-19,3,75
ONEU6291817,ONE,Retail,2026-04-25,2026-04-26,3,75
ONEU5609255,ONE,Retail,2026-01-24,2026-01-26,3,75
ONEU5702093,ONE,Retail,2026-01-29,2026-02-02,3,75
ONEU3151610,ONE,Automotive,2026-03-09,2026-03-10,3,75
CMXU9024879,CMA CGM,Chemicals,2026-01-05,2026-01-09,3,75
ONEU6826541,ONE,Retail,2026-04-21,2026-04-23,3,75
MSKU8670476,Maersk,Automotive,2026-03-31,2026-04-03,3,75
ONEU8718703,ONE,Perishables,2026-03-30,2026-03-31,3,75
HPLU1198306,Hapag-Lloyd,Electronics,2026-02-18,2026-02-21,3,75
ONEU2690268,ONE,Perishables,2026-02-16,2026-02-20,3,75
ONEU5357055,ONE,Electronics,2026-03-12,2026-03-13,3,75
MSCU4978534,MSC,Perishables,2026-03-02,2026-03-03,3,75
ONEU6756203,ONE,Perishables,2026-01-24,2026-01-29,3,75
CMXU8112581,CMA CGM,Electronics,2026-02-23,2026-02-24,3,75
MSCU7124992,MSC,Retail,2026-02-05,2026-02-09,3,75
CMXU4018040,CMA CGM,Chemicals,2026-01-17,2026-01-20,3,75
ONEU4834713,ONE,Automotive,2026-04-03,2026-04-04,3,75
MSCU4956154,MSC,Chemicals,2026-02-25,2026-03-01,3,75
CMXU4289394,CMA CGM,Electronics,2026-04-13,2026-04-16,3,75
MSKU8935405,Maersk,Automotive,2026-01-23,2026-01-25,3,75
CMXU9381860,CMA CGM,Electronics,2026-04-25,2026-04-27,3,75
ONEU9958741,ONE,Perishables,2026-04-11,2026-04-13,3,75
CMXU6033738,CMA CGM,Perishables,2026-03-13,2026-03-14,3,75
ONEU1800429,ONE,Retail,2026-01-13,2026-01-15,3,75
MSKU2007243,Maersk,Electronics,2026-04-15,2026-04-20,3,75
MSCU8995004,MSC,Automotive,2026-02-27,2026-02-28,3,75
MSCU5358202,MSC,Perishables,2026-02-16,2026-02-18,3,75
ONEU5323737,ONE,Perishables,2026-01-03,2026-01-04,3,75
CMXU3034027,CMA CGM,Perishables,2026-04-22,2026-04-25,3,75
ONEU4337963,ONE,Chemicals,2026-03-15,2026-03-16,3,75
ONEU3928275,ONE,Perishables,2026-02-15,2026-02-20,3,75
MSCU9563838,MSC,Retail,2026-04-10,2026-04-12,3,75
CMXU2315459,CMA CGM,Retail,2026-03-20,2026-03-22,3,75
MSCU8780468,MSC,Electronics,2026-04-22,2026-04-23,3,75
MSKU6660436,Maersk,Retail,2026-03-22,2026-03-23,3,75
ONEU7790959,ONE,Automotive,2026-01-11,2026-01-13,3,75
MSKU6765079,Maersk,Electronics,2026-02-10,2026-02-11,3,75
MSCU5888148,MSC,Perishables,2026-03-19,2026-03-22,3,75
CMXU5550787,CMA CGM,Retail,2026-04-10,2026-04-13,3,75
MSCU9739850,MSC,Retail,2026-02-22,2026-02-23,3,75
MSKU4085098,Maersk,Automotive,2026-01-17,2026-01-19,3,75
MSKU5221936,Maersk,Automotive,2026-01-27,2026-01-30,3,75
MSKU7661319,Maersk,Automotive,2026-01-13,2026-01-14,3,75
HPLU8938740,Hapag-Lloyd,Chemicals,2026-01-07,2026-01-08,3,75
HPLU7660764,Hapag-Lloyd,Chemicals,2026-04-08,2026-04-09,3,75
HPLU2743629,Hapag-Lloyd,Perishables,2026-03-21,2026-03-24,3,75
MSKU2414508,Maersk,Retail,2026-02-09,2026-02-12,3,75
MSKU5150624,Maersk,Perishables,2026-02-26,2026-02-28,3,75
MSKU3202464,Maersk,Chemicals,2026-04-18,2026-04-22,3,75
MSKU1479346,Maersk,Automotive,2026-03-26,2026-03-29,3,75
MSCU6455972,MSC,Retail,2026-03-01,2026-03-03,3,75
ONEU5570355,ONE,Chemicals,2026-02-26,2026-03-02,3,75
MSKU3970181,Maersk,Chemicals,2026-03-18,2026-03-19,3,75
CMXU8297709,CMA CGM,Chemicals,2026-03-23,2026-03-24,3,75
ONEU6195254,ONE,Perishables,2026-03-03,2026-03-04,3,75
ONEU4810582,ONE,Automotive,2026-02-26,2026-02-27,3,75
MSCU7136825,MSC,Retail,2026-02-03,2026-02-05,3,75
MSKU6093108,Maersk,Automotive,2026-01-01,2026-01-06,3,75
ONEU3286742,ONE,Perishables,2026-02-06,2026-02-07,3,75
CMXU9977469,CMA CGM,Automotive,2026-03-30,2026-03-31,3,75
CMXU9003857,CMA CGM,Perishables,2026-01-02,2026-01-04,3,75
CMXU5914425,CMA CGM,Chemicals,2026-01-30,2026-02-07,3,75
HPLU7268704,Hapag-Lloyd,Electronics,2026-02-22,2026-02-23,3,75
ONEU8333427,ONE,Retail,2026-02-01,2026-02-03,3,75
MSKU7538471,Maersk,Retail,2026-01-29,2026-01-30,3,75
MSCU2328918,MSC,Retail,2026-03-22,2026-03-23,3,75
MSKU9667278,Maersk,Chemicals,2026-04-14,2026-04-20,3,75
MSCU5776085,MSC,Chemicals,2026-04-14,2026-04-19,3,75
MSCU7927377,MSC,Electronics,2026-04-20,2026-04-21,3,75
HPLU4060284,Hapag-Lloyd,Electronics,2026-02-07,2026-02-12,3,75
HPLU8639388,Hapag-Lloyd,Chemicals,2026-02-27,2026-03-01,3,75
MSCU9254323,MSC,Electronics,2026-02-11,2026-02-15,3,75
HPLU3552641,Hapag-Lloyd,Automotive,2026-03-10,2026-03-12,3,75
HPLU4119515,Hapag-Lloyd,Automotive,2026-02-06,2026-02-08,3,75
MSCU3097809,MSC,Retail,2026-04-04,2026-04-06,3,75
HPLU4905912,Hapag-Lloyd,Automotive,2026-01-20,2026-01-23,3,75
HPLU9280890,Hapag-Lloyd,Electronics,2026-02-13,2026-02-14,3,75
CMXU6227389,CMA CGM,Retail,2026-02-17,2026-02-18,3,75
CMXU1532460,CMA CGM,Perishables,2026-01-11,2026-01-12,3,75
MSKU1940167,Maersk,Perishables,2026-04-10,2026-04-13,3,75
CMXU2197636,CMA CGM,Chemicals,2026-03-02,2026-03-04,3,75
MSKU4224451,Maersk,Perishables,2026-04-15,2026-04-17,3,75
CMXU1211652,CMA CGM,Automotive,2026-04-09,2026-04-17,3,75
MSKU7455837,Maersk,Retail,2026-02-01,2026-02-02,3,75
HPLU4341683,Hapag-Lloyd,Retail,2026-04-05,2026-04-08,3,75
HPLU9743263,Hapag-Lloyd,Electronics,2026-03-02,2026-03-04,3,75
CMXU6236326,CMA CGM,Perishables,2026-01-21,2026-01-25,3,75
HPLU9739692,Hapag-Lloyd,Automotive,2026-02-02,2026-02-03,3,75
CMXU6013251,CMA CGM,Electronics,2026-02-16,2026-02-20,3,75
HPLU4653880,Hapag-Lloyd,Automotive,2026-01-31,2026-02-04,3,75
CMXU6444432,CMA CGM,Automotive,2026-01-22,2026-01-30,3,75
MSCU3007387,MSC,Retail,2026-04-12,2026-04-15,3,75
MSKU1149818,Maersk,Automotive,2026-03-16,2026-03-18,3,75
CMXU3600333,CMA CGM,Perishables,2026-04-09,2026-04-11,3,75
HPLU5172867,Hapag-Lloyd,Electronics,2026-03-05,2026-03-09,3,75
HPLU6677780,Hapag-Lloyd,Automotive,2026-01-08,2026-01-10,3,75
MSCU3582322,MSC,Chemicals,2026-04-12,2026-04-13,3,75
HPLU3111034,Hapag-Lloyd,Retail,2026-01-30,2026-02-04,3,75
MSCU6827024,MSC,Retail,2026-04-04,2026-04-07,3,75
MSKU1358241,Maersk,Retail,2026-02-15,2026-02-18,3,75
MSKU5205984,Maersk,Automotive,2026-03-04,2026-03-05,3,75
CMXU5944490,CMA CGM,Chemicals,2026-03-31,2026-04-04,3,75
CMXU4183910,CMA CGM,Chemicals,2026-01-24,2026-01-26,3,75
ONEU6832845,ONE,Perishables,2026-04-04,2026-04-06,3,75
CMXU5619177,CMA CGM,Chemicals,2026-04-28,2026-04-29,3,75
ONEU3690116,ONE,Automotive,2026-03-09,2026-03-12,3,75
MSKU8539415,Maersk,Perishables,2026-04-15,2026-04-22,3,75
MSCU7159129,MSC,Retail,2026-01-01,2026-01-02,3,75
ONEU7359295,ONE,Electronics,2026-04-24,2026-04-29,3,75
HPLU7108168,Hapag-Lloyd,Chemicals,2026-01-31,2026-02-02,3,75
MSCU2062698,MSC,Chemicals,2026-04-15,2026-04-19,3,75
CMXU4185480,CMA CGM,Chemicals,2026-03-29,2026-04-03,3,75
CMXU3585897,CMA CGM,Chemicals,2026-02-06,2026-02-09,3,75
MSCU7875379,MSC,Perishables,2026-01-15,2026-01-18,3,75
HPLU9777848,Hapag-Lloyd,Automotive,2026-01-06,2026-01-10,3,75
MSKU3997061,Maersk,Automotive,2026-01-26,2026-01-28,3,75
HPLU9143162,Hapag-Lloyd,Electronics,2026-01-13,2026-01-14,3,75
HPLU7519606,Hapag-Lloyd,Retail,2026-03-09,2026-03-12,3,75
ONEU5293936,ONE,Automotive,2026-02-16,2026-02-19,3,75
MSKU2189067,Maersk,Automotive,2026-04-30,2026-05-03,3,75
MSKU9244416,Maersk,Automotive,2026-03-01,2026-03-04,3,75
HPLU7055334,Hapag-Lloyd,Chemicals,2026-04-06,2026-04-08,3,75
CMXU7191944,CMA CGM,Automotive,2026-04-16,2026-04-21,3,75
ONEU5459646,ONE,Chemicals,2026-01-06,2026-01-07,3,75
HPLU6098672,Hapag-Lloyd,Automotive,2026-05-01,2026-05-03,3,75
MSKU9715516,Maersk,Automotive,2026-01-13,2026-01-14,3,75
MSKU9919792,Maersk,Retail,2026-01-25,2026-01-26,3,75
MSKU9828037,Maersk,Electronics,2026-03-14,2026-03-16,3,75
MSKU7965641,Maersk,Automotive,2026-04-09,2026-04-11,3,75
ONEU7005628,ONE,Retail,2026-03-31,2026-04-03,3,75
CMXU2746548,CMA CGM,Electronics,2026-04-12,2026-04-14,3,75
MSKU7737011,Maersk,Chemicals,2026-02-13,2026-02-15,3,75
MSKU9957363,Maersk,Chemicals,2026-02-26,2026-02-27,3,75
MSCU6287423,MSC,Chemicals,2026-02-11,2026-02-13,3,75
MSCU7917972,MSC,Retail,2026-04-16,2026-04-17,3,75
MSCU5038654,MSC,Chemicals,2026-03-11,2026-03-12,3,75
MSKU7292514,Maersk,Chemicals,2026-04-29,2026-05-01,3,75
MSCU7039941,MSC,Retail,2026-02-27,2026-03-02,3,75
CMXU1003282,CMA CGM,Automotive,2026-02-06,2026-02-10,3,75
ONEU1273509,ONE,Chemicals,2026-01-18,2026-01-20,3,75
MSCU1110206,MSC,Perishables,2026-01-29,2026-01-30,3,75
MSKU6283223,Maersk,Automotive,2026-04-09,2026-04-13,3,75
